tid,task,dtnum
220000_220722,吉林省_长岭,5
220000_220771,吉林省_吉林,212
220000_220602,吉林省_浑江,17
220000_220702,吉林省_宁江,12
220000_220723,吉林省_乾安,3
220000_220781,吉林省_扶余,15
220000_220605,吉林省_江源,8
220000_220622,吉林省_靖宇,4
220000_220623,吉林省_长白,12
220000_220621,吉林省_抚松,8
150000_152921,内蒙古自治区_阿拉,58
220000_220681,吉林省_临江,5
220000_220721,吉林省_前郭,11
210000_211302,辽宁省_双塔,29
150000_152971,内蒙古自治区_内蒙,1154
150000_152923,内蒙古自治区_额济,10
210000_211321,辽宁省_朝阳,73
210000_211303,辽宁省_龙城,4
210000_211324,辽宁省_喀喇,0
210000_211322,辽宁省_建平,10
610000_610722,陕西省_城固,15
210000_211381,辽宁省_北票,19
210000_211382,辽宁省_凌源,19
610000_610723,陕西省_洋县,8
610000_610703,陕西省_南郑,10
610000_610702,陕西省_汉台,22
610000_610725,陕西省_勉县,13
610000_610726,陕西省_宁强,6
610000_610727,陕西省_略阳,9
610000_610724,陕西省_西乡,3
610000_610602,陕西省_宝塔,15
610000_610603,陕西省_安塞,2
610000_610728,陕西省_镇巴,4
610000_610622,陕西省_延川,4
610000_610730,陕西省_佛坪,3
610000_610729,陕西省_留坝,3
610000_610621,陕西省_延长,3
610000_610623,陕西省_子长,3
610000_610625,陕西省_志丹,6
610000_610626,陕西省_吴起,3
610000_610627,陕西省_甘泉,3
610000_610630,陕西省_宜川,3
610000_610628,陕西省_富县,4
610000_610629,陕西省_洛川,4
610000_610632,陕西省_黄陵,4
610000_610631,陕西省_黄龙,3
620000_623021,甘肃省_临潭,3
620000_623001,甘肃省_合作,11
620000_623023,甘肃省_舟曲,2
620000_623022,甘肃省_卓尼,3
620000_623025,甘肃省_玛曲,2
620000_623026,甘肃省_碌曲,2
620000_623024,甘肃省_迭部,2
620000_623027,甘肃省_夏河,2
620000_622901,甘肃省_临夏,12
620000_622922,甘肃省_康乐,5
620000_622923,甘肃省_永靖,2
620000_622925,甘肃省_和政,5
620000_622924,甘肃省_广河,5
620000_622926,甘肃省_东乡,3
620000_621102,甘肃省_安定,10
620000_622927,甘肃省_积石,3
620000_621121,甘肃省_通渭,3
620000_621122,甘肃省_陇西,11
620000_621123,甘肃省_渭源,4
620000_621124,甘肃省_临洮,9
620000_621125,甘肃省_漳县,2
620000_621126,甘肃省_岷县,4
620000_621002,甘肃省_西峰,13
620000_621021,甘肃省_庆城,3
620000_621023,甘肃省_华池,2
620000_621022,甘肃省_环县,5
620000_621024,甘肃省_合水,5
620000_621025,甘肃省_正宁,4
620000_620922,甘肃省_瓜州,5
620000_621027,甘肃省_镇原,0
620000_620902,甘肃省_肃州,7
620000_621026,甘肃省_宁县,15
620000_620921,甘肃省_金塔,3
620000_620923,甘肃省_肃北,3
620000_620981,甘肃省_玉门,12
620000_620924,甘肃省_阿克,2
620000_620982,甘肃省_敦煌,3
230000_231221,黑龙江省_望奎,3
230000_231222,黑龙江省_兰西,7
230000_231223,黑龙江省_青冈,6
230000_231224,黑龙江省_庆安,6
230000_231226,黑龙江省_绥棱,5
230000_231225,黑龙江省_明水,5
230000_231202,黑龙江省_北林,11
230000_231281,黑龙江省_安达,16
230000_231283,黑龙江省_海伦,7
540000_542521,西藏自治区_普兰,0
540000_542522,西藏自治区_札达,0
540000_542524,西藏自治区_日土,0
540000_542523,西藏自治区_噶尔,0
540000_542525,西藏自治区_革吉,0
540000_542526,西藏自治区_改则,0
230000_231282,黑龙江省_肇东,8
540000_540602,西藏自治区_色尼,1
540000_542527,西藏自治区_措勤,0
540000_540621,西藏自治区_嘉黎,0
540000_540502,西藏自治区_乃东,4
540000_540623,西藏自治区_聂荣,0
540000_540624,西藏自治区_安多,0
540000_540522,西藏自治区_贡嘎,1
540000_540625,西藏自治区_申扎,0
540000_540626,西藏自治区_索县,0
540000_540627,西藏自治区_班戈,0
540000_540622,西藏自治区_比如,0
540000_540628,西藏自治区_巴青,0
540000_540629,西藏自治区_尼玛,0
540000_540523,西藏自治区_桑日,1
540000_540630,西藏自治区_双湖,0
540000_540525,西藏自治区_曲松,1
540000_540524,西藏自治区_琼结,1
540000_540526,西藏自治区_措美,1
540000_540527,西藏自治区_洛扎,0
540000_540521,西藏自治区_扎囊,0
540000_540402,西藏自治区_巴宜,4
540000_540421,西藏自治区_工布,0
540000_540423,西藏自治区_墨脱,0
540000_540422,西藏自治区_米林,0
540000_540528,西藏自治区_加查,1
540000_540424,西藏自治区_波密,1
540000_540529,西藏自治区_隆子,1
540000_540530,西藏自治区_错那,0
540000_540531,西藏自治区_浪卡,0
540000_540302,西藏自治区_卡若,2
540000_540322,西藏自治区_贡觉,0
540000_540321,西藏自治区_江达,0
540000_540426,西藏自治区_朗县,0
540000_540323,西藏自治区_类乌,0
540000_540425,西藏自治区_察隅,0
540000_540325,西藏自治区_察雅,0
540000_540327,西藏自治区_左贡,0
540000_540328,西藏自治区_芒康,0
540000_540324,西藏自治区_丁青,0
540000_540330,西藏自治区_边坝,0
540000_540222,西藏自治区_江孜,0
540000_540202,西藏自治区_桑珠,3
540000_540221,西藏自治区_南木,0
540000_540223,西藏自治区_定日,0
540000_540329,西藏自治区_洛隆,0
540000_540224,西藏自治区_萨迦,0
540000_540326,西藏自治区_八宿,0
540000_540225,西藏自治区_拉孜,0
540000_540226,西藏自治区_昂仁,0
540000_540102,西藏自治区_城关,0
540000_540104,西藏自治区_达孜,0
540000_540103,西藏自治区_堆龙,1
540000_540121,西藏自治区_林周,0
540000_540227,西藏自治区_谢通,0
540000_540122,西藏自治区_当雄,1
540000_540228,西藏自治区_白朗,0
540000_540229,西藏自治区_仁布,0
540000_540123,西藏自治区_尼木,0
540000_540230,西藏自治区_康马,0
540000_540231,西藏自治区_定结,0
540000_540124,西藏自治区_曲水,1
540000_540127,西藏自治区_墨竹,0
540000_540171,西藏自治区_格尔,0
540000_540234,西藏自治区_吉隆,0
540000_540232,西藏自治区_仲巴,0
540000_540172,西藏自治区_拉萨,16
540000_540233,西藏自治区_亚东,0
540000_540236,西藏自治区_萨嘎,0
540000_540237,西藏自治区_岗巴,0
540000_540173,西藏自治区_西藏,2
620000_621221,甘肃省_成县,3
620000_621202,甘肃省_武都,17
620000_621222,甘肃省_文县,2
540000_540235,西藏自治区_聂拉,0
620000_621223,甘肃省_宕昌,5
620000_621224,甘肃省_康县,4
620000_621225,甘肃省_西和,3
620000_621226,甘肃省_礼县,7
620000_621227,甘肃省_徽县,2
620000_621228,甘肃省_两当,0
230000_231102,黑龙江省_爱辉,2
230000_231121,黑龙江省_嫩江,12
230000_231123,黑龙江省_逊克,3
230000_231182,黑龙江省_五大,5
230000_231124,黑龙江省_孙吴,2
230000_231003,黑龙江省_阳明,7
230000_231002,黑龙江省_东安,13
230000_231004,黑龙江省_爱民,10
230000_231005,黑龙江省_西安,2
230000_231181,黑龙江省_北安,15
230000_231071,黑龙江省_牡丹,46
230000_231025,黑龙江省_林口,11
230000_231081,黑龙江省_绥芬,8
230000_231085,黑龙江省_穆棱,6
230000_231083,黑龙江省_海林,9
230000_231084,黑龙江省_宁安,10
230000_231086,黑龙江省_东宁,6
230000_230903,黑龙江省_桃山,7
230000_230904,黑龙江省_茄子,2
230000_230921,黑龙江省_勃利,3
230000_230902,黑龙江省_新兴,10
230000_230803,黑龙江省_向阳,35
230000_230804,黑龙江省_前进,19
230000_230822,黑龙江省_桦南,7
230000_230805,黑龙江省_东风,23
230000_230811,黑龙江省_郊区,8
230000_230828,黑龙江省_汤原,6
230000_230881,黑龙江省_同江,3
230000_230882,黑龙江省_富锦,14
230000_230702,黑龙江省_伊春,29
230000_230826,黑龙江省_桦川,3
230000_230703,黑龙江省_南岔,7
230000_230883,黑龙江省_抚远,4
230000_230705,黑龙江省_西林,6
230000_230704,黑龙江省_友好,0
230000_230708,黑龙江省_美溪,0
230000_230706,黑龙江省_翠峦,0
230000_230707,黑龙江省_新青,0
230000_230709,黑龙江省_金山,0
230000_230710,黑龙江省_五营,0
230000_230711,黑龙江省_乌马,0
230000_230712,黑龙江省_汤旺,2
230000_230713,黑龙江省_带岭,0
230000_230714,黑龙江省_乌伊,0
230000_230602,黑龙江省_萨尔,13
230000_230716,黑龙江省_上甘,0
230000_230604,黑龙江省_让胡,32
230000_230715,黑龙江省_红星,3
230000_230606,黑龙江省_大同,14
230000_230603,黑龙江省_龙凤,3
230000_230605,黑龙江省_红岗,8
230000_230722,黑龙江省_嘉荫,0
230000_230621,黑龙江省_肇州,3
230000_230781,黑龙江省_铁力,9
230000_230624,黑龙江省_杜尔,2
230000_230622,黑龙江省_肇源,4
230000_230671,黑龙江省_大庆,91
230000_230502,黑龙江省_尖山,13
230000_230503,黑龙江省_岭东,2
230000_230623,黑龙江省_林甸,7
230000_230505,黑龙江省_四方,2
230000_230506,黑龙江省_宝山,6
230000_230523,黑龙江省_宝清,13
230000_230521,黑龙江省_集贤,10
230000_230522,黑龙江省_友谊,20
230000_230524,黑龙江省_饶河,4
230000_230407,黑龙江省_兴山,3
230000_230404,黑龙江省_南山,6
230000_230403,黑龙江省_工农,23
230000_230422,黑龙江省_绥滨,4
230000_230405,黑龙江省_兴安,11
230000_230421,黑龙江省_萝北,6
230000_230302,黑龙江省_鸡冠,21
230000_230303,黑龙江省_恒山,1
230000_230304,黑龙江省_滴道,0
230000_230306,黑龙江省_城子,4
230000_230305,黑龙江省_梨树,1
230000_230321,黑龙江省_鸡东,7
230000_230307,黑龙江省_麻山,0
230000_230406,黑龙江省_东山,4
230000_230381,黑龙江省_虎林,12
230000_230382,黑龙江省_密山,13
230000_230202,黑龙江省_龙沙,21
230000_230203,黑龙江省_建华,30
230000_230205,黑龙江省_昂昂,4
230000_230204,黑龙江省_铁锋,18
230000_230206,黑龙江省_富拉,10
230000_230207,黑龙江省_碾子,3
230000_230208,黑龙江省_梅里,2
230000_230221,黑龙江省_龙江,154
230000_230223,黑龙江省_依安,1
230000_230224,黑龙江省_泰来,6
230000_230225,黑龙江省_甘南,5
230000_230227,黑龙江省_富裕,10
230000_230229,黑龙江省_克山,4
230000_230230,黑龙江省_克东,6
230000_230281,黑龙江省_讷河,9
230000_230231,黑龙江省_拜泉,8
230000_230103,黑龙江省_南岗,105
230000_230104,黑龙江省_道外,40
230000_230109,黑龙江省_松北,7
230000_230108,黑龙江省_平房,9
230000_230102,黑龙江省_道里,58
230000_230110,黑龙江省_香坊,46
230000_230112,黑龙江省_阿城,15
230000_230111,黑龙江省_呼兰,12
230000_230113,黑龙江省_双城,15
230000_230125,黑龙江省_宾县,11
230000_230123,黑龙江省_依兰,4
230000_230124,黑龙江省_方正,8
230000_230127,黑龙江省_木兰,9
230000_230126,黑龙江省_巴彦,8
230000_230128,黑龙江省_通河,6
230000_230129,黑龙江省_延寿,5
230000_230183,黑龙江省_尚志,15
230000_230184,黑龙江省_五常,16
620000_620802,甘肃省_崆峒,21
620000_620822,甘肃省_灵台,7
620000_620821,甘肃省_泾川,3
620000_620826,甘肃省_静宁,11
620000_620823,甘肃省_崇信,4
620000_620825,甘肃省_庄浪,2
620000_620881,甘肃省_华亭,7
610000_611021,陕西省_洛南,8
610000_611002,陕西省_商州,16
610000_611025,陕西省_镇安,1
610000_611022,陕西省_丹凤,6
610000_611024,陕西省_山阳,7
610000_611023,陕西省_商南,3
230000_232721,黑龙江省_呼玛,2
610000_611026,陕西省_柞水,7
230000_232701,黑龙江省_漠河,5
230000_232762,黑龙江省_松岭,0
230000_232722,黑龙江省_塔河,5
230000_232763,黑龙江省_新林,0
620000_620702,甘肃省_甘州,6
230000_232764,黑龙江省_呼中,0
620000_620721,甘肃省_肃南,3
620000_620722,甘肃省_民乐,2
620000_620723,甘肃省_临泽,3
620000_620725,甘肃省_山丹,7
620000_620621,甘肃省_民勤,2
230000_232761,黑龙江省_加格,12
620000_620602,甘肃省_凉州,10
620000_620622,甘肃省_古浪,3
620000_620623,甘肃省_天祝,2
620000_620724,甘肃省_高台,4
620000_620502,甘肃省_秦州,15
620000_620503,甘肃省_麦积,17
620000_620521,甘肃省_清水,6
620000_620522,甘肃省_秦安,4
620000_620523,甘肃省_甘谷,9
620000_620524,甘肃省_武山,11
620000_620525,甘肃省_张家,4
610000_610921,陕西省_汉阴,4
610000_610902,陕西省_汉滨,12
610000_610922,陕西省_石泉,7
610000_610923,陕西省_宁陕,5
610000_610925,陕西省_岚皋,4
610000_610924,陕西省_紫阳,4
610000_610926,陕西省_平利,5
610000_610802,陕西省_榆阳,29
610000_610929,陕西省_白河,6
610000_610928,陕西省_旬阳,4
610000_610927,陕西省_镇坪,3
610000_610803,陕西省_横山,4
610000_610822,陕西省_府谷,5
610000_610828,陕西省_佳县,3
610000_610825,陕西省_定边,4
610000_610827,陕西省_米脂,5
610000_610826,陕西省_绥德,6
610000_610829,陕西省_吴堡,3
610000_610824,陕西省_靖边,11
610000_610831,陕西省_子洲,4
610000_610881,陕西省_神木,13
650000_659002,新疆维吾尔自治区_阿拉,8
650000_659001,新疆维吾尔自治区_石河,26
650000_659004,新疆维吾尔自治区_五家,0
610000_610830,陕西省_清涧,3
650000_654321,新疆维吾尔自治区_布尔,5
650000_654301,新疆维吾尔自治区_阿勒,13
650000_659003,新疆维吾尔自治区_图木,2
650000_654322,新疆维吾尔自治区_富蕴,4
650000_654323,新疆维吾尔自治区_福海,4
650000_654324,新疆维吾尔自治区_哈巴,3
650000_654326,新疆维吾尔自治区_吉木,8
650000_659006,新疆维吾尔自治区_铁门,2
650000_654325,新疆维吾尔自治区_青河,4
650000_654201,新疆维吾尔自治区_塔城,13
650000_654223,新疆维吾尔自治区_沙湾,12
650000_654202,新疆维吾尔自治区_乌苏,12
650000_654221,新疆维吾尔自治区_额敏,7
650000_654002,新疆维吾尔自治区_伊宁,17
650000_654224,新疆维吾尔自治区_托里,3
650000_654003,新疆维吾尔自治区_奎屯,20
650000_654004,新疆维吾尔自治区_霍尔,0
650000_654022,新疆维吾尔自治区_察布,2
650000_654225,新疆维吾尔自治区_裕民,4
650000_654024,新疆维吾尔自治区_巩留,6
650000_654023,新疆维吾尔自治区_霍城,7
650000_654025,新疆维吾尔自治区_新源,4
650000_654226,新疆维吾尔自治区_和布,3
650000_654026,新疆维吾尔自治区_昭苏,4
650000_654027,新疆维吾尔自治区_特克,3
650000_654028,新疆维吾尔自治区_尼勒,5
620000_620402,甘肃省_白银,22
620000_620423,甘肃省_景泰,3
620000_620403,甘肃省_平川,3
620000_620422,甘肃省_会宁,3
620000_620421,甘肃省_靖远,5
620000_620321,甘肃省_永昌,3
610000_610503,陕西省_华州,9
620000_620302,甘肃省_金川,5
610000_610523,陕西省_大荔,18
610000_610502,陕西省_临渭,10
610000_610522,陕西省_潼关,7
610000_610524,陕西省_合阳,11
610000_610525,陕西省_澄城,11
610000_610526,陕西省_蒲城,30
610000_610581,陕西省_韩城,27
610000_610527,陕西省_白水,7
650000_653201,新疆维吾尔自治区_和田,70
610000_610528,陕西省_富平,11
610000_610582,陕西省_华阴,21
650000_653101,新疆维吾尔自治区_喀什,60
650000_653223,新疆维吾尔自治区_皮山,11
650000_653122,新疆维吾尔自治区_疏勒,11
650000_653222,新疆维吾尔自治区_墨玉,18
650000_653121,新疆维吾尔自治区_疏附,6
650000_653123,新疆维吾尔自治区_英吉,3
650000_653124,新疆维吾尔自治区_泽普,3
650000_653224,新疆维吾尔自治区_洛浦,12
650000_653225,新疆维吾尔自治区_策勒,9
650000_653126,新疆维吾尔自治区_叶城,4
650000_653227,新疆维吾尔自治区_民丰,3
650000_653226,新疆维吾尔自治区_于田,3
650000_653125,新疆维吾尔自治区_莎车,15
650000_653022,新疆维吾尔自治区_阿克,34
650000_653127,新疆维吾尔自治区_麦盖,13
650000_653001,新疆维吾尔自治区_阿图,10
650000_653023,新疆维吾尔自治区_阿合,3
650000_653130,新疆维吾尔自治区_巴楚,19
650000_653128,新疆维吾尔自治区_岳普,3
650000_653129,新疆维吾尔自治区_伽师,6
650000_653131,新疆维吾尔自治区_塔什,1
650000_653024,新疆维吾尔自治区_乌恰,6
650000_652922,新疆维吾尔自治区_温宿,5
650000_652924,新疆维吾尔自治区_沙雅,7
650000_652923,新疆维吾尔自治区_库车,15
650000_652925,新疆维吾尔自治区_新和,5
650000_652927,新疆维吾尔自治区_乌什,5
650000_652926,新疆维吾尔自治区_拜城,6
650000_652928,新疆维吾尔自治区_阿瓦,12
620000_620102,甘肃省_城关,100
620000_620201,甘肃省_市辖,0
650000_652929,新疆维吾尔自治区_柯坪,2
620000_620103,甘肃省_七里,30
620000_620104,甘肃省_西固,11
620000_620121,甘肃省_永登,6
620000_620111,甘肃省_红古,10
620000_620105,甘肃省_安宁,11
610000_610402,陕西省_秦都,18
620000_620123,甘肃省_榆中,7
620000_620122,甘肃省_皋兰,5
620000_620171,甘肃省_兰州,121
610000_610403,陕西省_杨陵,0
610000_610404,陕西省_渭城,19
610000_610425,陕西省_礼泉,7
610000_610428,陕西省_长武,4
610000_610423,陕西省_泾阳,7
610000_610422,陕西省_三原,20
610000_610424,陕西省_乾县,8
610000_610426,陕西省_永寿,0
610000_610430,陕西省_淳化,3
610000_610429,陕西省_旬邑,0
610000_610431,陕西省_武功,9
610000_610302,陕西省_渭滨,21
610000_610481,陕西省_兴平,18
610000_610482,陕西省_彬州,6
610000_610303,陕西省_金台,15
610000_610323,陕西省_岐山,7
610000_610304,陕西省_陈仓,7
610000_610324,陕西省_扶风,10
610000_610326,陕西省_眉县,12
610000_610329,陕西省_麟游,7
610000_610322,陕西省_凤翔,5
610000_610327,陕西省_陇县,7
610000_610328,陕西省_千阳,3
610000_610202,陕西省_王益,5
610000_610331,陕西省_太白,11
610000_610330,陕西省_凤县,10
610000_610203,陕西省_印台,24
610000_610204,陕西省_耀州,15
610000_610222,陕西省_宜君,0
610000_610102,陕西省_新城,65
610000_610103,陕西省_碑林,34
610000_610104,陕西省_莲湖,69
610000_610111,陕西省_灞桥,21
610000_610112,陕西省_未央,30
610000_610113,陕西省_雁塔,57
610000_610114,陕西省_阎良,13
610000_610115,陕西省_临潼,23
610000_610118,陕西省_鄠邑,9
610000_610116,陕西省_长安,72
210000_211402,辽宁省_连山,25
610000_610124,陕西省_周至,4
610000_610117,陕西省_高陵,3
210000_211403,辽宁省_龙港,7
210000_211421,辽宁省_绥中,8
610000_610122,陕西省_蓝田,11
210000_211481,辽宁省_兴城,17
650000_652801,新疆维吾尔自治区_库尔,50
650000_652822,新疆维吾尔自治区_轮台,7
650000_652825,新疆维吾尔自治区_且末,6
210000_211404,辽宁省_南票,1
650000_652823,新疆维吾尔自治区_尉犁,8
650000_652824,新疆维吾尔自治区_若羌,4
650000_652826,新疆维吾尔自治区_焉耆,5
210000_211422,辽宁省_建昌,10
650000_652827,新疆维吾尔自治区_和静,10
650000_652701,新疆维吾尔自治区_博乐,16
650000_652828,新疆维吾尔自治区_和硕,4
650000_652829,新疆维吾尔自治区_博湖,2
650000_652722,新疆维吾尔自治区_精河,6
650000_652723,新疆维吾尔自治区_温泉,6
650000_652301,新疆维吾尔自治区_昌吉,43
650000_652302,新疆维吾尔自治区_阜康,9
650000_652323,新疆维吾尔自治区_呼图,9
650000_652325,新疆维吾尔自治区_奇台,8
650000_652324,新疆维吾尔自治区_玛纳,10
650000_652328,新疆维吾尔自治区_木垒,5
650000_650502,新疆维吾尔自治区_伊州,5
650000_650521,新疆维吾尔自治区_巴里,5
650000_650522,新疆维吾尔自治区_伊吾,2
630000_632801,青海省_格尔,5
630000_632822,青海省_都兰,1
630000_632802,青海省_德令,4
630000_632821,青海省_乌兰,1
630000_632803,青海省_茫崖,1
630000_632857,青海省_大柴,0
630000_632701,青海省_玉树,5
630000_632722,青海省_杂多,1
630000_632723,青海省_称多,1
630000_632823,青海省_天峻,2
630000_632724,青海省_治多,1
630000_632726,青海省_曲麻,1
630000_632624,青海省_达日,2
630000_632725,青海省_囊谦,3
630000_632621,青海省_玛沁,1
630000_632622,青海省_班玛,1
630000_632623,青海省_甘德,1
630000_632522,青海省_同德,1
630000_632625,青海省_久治,2
630000_632626,青海省_玛多,1
630000_632521,青海省_共和,12
630000_632523,青海省_贵德,6
630000_632524,青海省_兴海,2
210000_211202,辽宁省_银州,30
630000_632525,青海省_贵南,6
210000_211221,辽宁省_铁岭,43
210000_211204,辽宁省_清河,7
210000_211223,辽宁省_西丰,7
210000_211282,辽宁省_开原,14
210000_211281,辽宁省_调兵,0
210000_211224,辽宁省_昌图,11
650000_650402,新疆维吾尔自治区_高昌,4
650000_650202,新疆维吾尔自治区_独山,1
650000_650203,新疆维吾尔自治区_克拉,22
650000_650421,新疆维吾尔自治区_鄯善,11
650000_650422,新疆维吾尔自治区_托克,5
650000_650204,新疆维吾尔自治区_白碱,1
650000_650102,新疆维吾尔自治区_天山,53
650000_650103,新疆维吾尔自治区_沙依,36
650000_650205,新疆维吾尔自治区_乌尔,1
650000_650109,新疆维吾尔自治区_米东,12
650000_650105,新疆维吾尔自治区_水磨,17
650000_650104,新疆维吾尔自治区_新市,21
650000_650106,新疆维吾尔自治区_头屯,1
640000_640502,宁夏回族自治区_沙坡,0
640000_640521,宁夏回族自治区_中宁,10
640000_640422,宁夏回族自治区_西吉,8
650000_650121,新疆维吾尔自治区_乌鲁,187
640000_640522,宁夏回族自治区_海原,4
640000_640402,宁夏回族自治区_原州,11
640000_640423,宁夏回族自治区_隆德,5
650000_650107,新疆维吾尔自治区_达坂,0
640000_640302,宁夏回族自治区_利通,21
640000_640424,宁夏回族自治区_泾源,5
640000_640425,宁夏回族自治区_彭阳,4
640000_640202,宁夏回族自治区_大武,11
640000_640303,宁夏回族自治区_红寺,6
640000_640324,宁夏回族自治区_同心,12
640000_640381,宁夏回族自治区_青铜,9
640000_640323,宁夏回族自治区_盐池,5
640000_640205,宁夏回族自治区_惠农,10
640000_640105,宁夏回族自治区_西夏,3
640000_640121,宁夏回族自治区_永宁,3
640000_640221,宁夏回族自治区_平罗,13
640000_640122,宁夏回族自治区_贺兰,10
640000_640106,宁夏回族自治区_金凤,6
640000_640181,宁夏回族自治区_灵武,16
640000_640104,宁夏回族自治区_兴庆,25
630000_632323,青海省_泽库,1
630000_632322,青海省_尖扎,2
630000_632324,青海省_河南,3
630000_632221,青海省_门源,4
630000_632222,青海省_祁连,6
630000_632321,青海省_同仁,8
630000_632224,青海省_刚察,3
630000_632223,青海省_海晏,9
630000_630202,青海省_乐都,10
630000_630203,青海省_平安,6
630000_630223,青海省_互助,8
630000_630224,青海省_化隆,6
630000_630222,青海省_民和,13
630000_630225,青海省_循化,1
630000_630102,青海省_城东,17
630000_630105,青海省_城北,5
630000_630122,青海省_湟中,1
630000_630123,青海省_湟源,2
630000_630103,青海省_城中,7
630000_630104,青海省_城西,18
210000_211102,辽宁省_双台,19
630000_630121,青海省_大通,17
210000_211103,辽宁省_兴隆,31
210000_211002,辽宁省_白塔,14
210000_211003,辽宁省_文圣,13
210000_211005,辽宁省_弓长,3
210000_211104,辽宁省_大洼,5
210000_211011,辽宁省_太子,8
210000_211004,辽宁省_宏伟,2
210000_211122,辽宁省_盘山,5
210000_211021,辽宁省_辽阳,57
210000_210902,辽宁省_海州,16
210000_210904,辽宁省_太平,8
210000_211081,辽宁省_灯塔,8
210000_210911,辽宁省_细河,5
210000_210922,辽宁省_彰武,7
210000_210921,辽宁省_阜新,42
210000_210903,辽宁省_新邱,2
210000_210804,辽宁省_鲅鱼,2
210000_210802,辽宁省_站前,27
210000_210811,辽宁省_老边,4
210000_210803,辽宁省_西市,3
210000_210881,辽宁省_盖州,19
210000_210882,辽宁省_大石,13
210000_210702,辽宁省_古塔,16
210000_210703,辽宁省_凌河,20
210000_210726,辽宁省_黑山,17
210000_210711,辽宁省_太和,22
210000_210727,辽宁省_义县,6
150000_152502,内蒙古自治区_锡林,110
150000_152501,内蒙古自治区_二连,5
210000_210781,辽宁省_凌海,14
210000_210782,辽宁省_北镇,14
150000_152522,内蒙古自治区_阿巴,62
150000_152523,内蒙古自治区_苏尼,29
150000_152525,内蒙古自治区_东乌,29
150000_152526,内蒙古自治区_西乌,30
150000_152528,内蒙古自治区_镶黄,29
150000_152529,内蒙古自治区_正镶,62
150000_152527,内蒙古自治区_太仆,59
150000_152530,内蒙古自治区_正蓝,16
150000_152531,内蒙古自治区_多伦,35
210000_210602,辽宁省_元宝,6
210000_210603,辽宁省_振兴,34
210000_210604,辽宁省_振安,9
150000_152571,内蒙古自治区_乌拉,188
210000_210681,辽宁省_东港,15
210000_210624,辽宁省_宽甸,13
210000_210682,辽宁省_凤城,17
210000_210502,辽宁省_平山,11
210000_210503,辽宁省_溪湖,7
210000_210505,辽宁省_南芬,2
210000_210504,辽宁省_明山,15
210000_210521,辽宁省_本溪,48
150000_152221,内蒙古自治区_科尔,1238
150000_152201,内蒙古自治区_乌兰,639
150000_152202,内蒙古自治区_阿尔,51
210000_210522,辽宁省_桓仁,7
150000_150921,内蒙古自治区_卓资,7
150000_152223,内蒙古自治区_扎赉,63
150000_150902,内蒙古自治区_集宁,114
150000_152224,内蒙古自治区_突泉,43
150000_150922,内蒙古自治区_化德,49
150000_150924,内蒙古自治区_兴和,5
150000_150926,内蒙古自治区_察哈,218
150000_150925,内蒙古自治区_凉城,4
150000_150923,内蒙古自治区_商都,240
150000_150929,内蒙古自治区_四子,125
150000_150981,内蒙古自治区_丰镇,16
150000_150802,内蒙古自治区_临河,119
150000_150821,内蒙古自治区_五原,41
150000_150822,内蒙古自治区_磴口,41
150000_150826,内蒙古自治区_杭锦,86
150000_150723,内蒙古自治区_鄂伦,61
150000_150702,内蒙古自治区_海拉,71
150000_150721,内蒙古自治区_阿荣,78
150000_150722,内蒙古自治区_莫力,107
150000_150724,内蒙古自治区_鄂温,66
150000_150726,内蒙古自治区_新巴,17
150000_150725,内蒙古自治区_陈巴,16
150000_150781,内蒙古自治区_满洲,19
150000_150782,内蒙古自治区_牙克,35
150000_150784,内蒙古自治区_额尔,63
150000_150783,内蒙古自治区_扎兰,105
150000_150602,内蒙古自治区_东胜,71
150000_150622,内蒙古自治区_准格,20
150000_150785,内蒙古自治区_根河,20
150000_150621,内蒙古自治区_达拉,44
150000_150603,内蒙古自治区_康巴,8
150000_150623,内蒙古自治区_鄂托,125
150000_150626,内蒙古自治区_乌审,28
150000_150524,内蒙古自治区_库伦,248
150000_150526,内蒙古自治区_扎鲁,255
150000_150523,内蒙古自治区_开鲁,172
150000_150627,内蒙古自治区_伊金,28
150000_150525,内蒙古自治区_奈曼,324
150000_150571,内蒙古自治区_通辽,431
150000_150581,内蒙古自治区_霍林,33
210000_210303,辽宁省_铁西,77
210000_210311,辽宁省_千山,13
210000_210304,辽宁省_立山,14
210000_210323,辽宁省_岫岩,8
210000_210321,辽宁省_台安,7
210000_210302,辽宁省_铁东,37
210000_210381,辽宁省_海城,19
210000_210203,辽宁省_西岗,24
210000_210204,辽宁省_沙河,48
210000_210211,辽宁省_甘井,40
210000_210212,辽宁省_旅顺,13
210000_210214,辽宁省_普兰,17
210000_210213,辽宁省_金州,24
210000_210224,辽宁省_长海,1
210000_210281,辽宁省_瓦房,27
210000_210283,辽宁省_庄河,10
210000_210402,辽宁省_新抚,18
210000_210422,辽宁省_新宾,6
210000_210404,辽宁省_望花,9
210000_210403,辽宁省_东洲,8
210000_210202,辽宁省_中山,44
210000_210421,辽宁省_抚顺,75
210000_210411,辽宁省_顺城,28
210000_210102,辽宁省_和平,80
210000_210423,辽宁省_清原,7
210000_210105,辽宁省_皇姑,38
210000_210103,辽宁省_沈河,61
210000_210104,辽宁省_大东,57
210000_210112,辽宁省_浑南,9
210000_210111,辽宁省_苏家,16
210000_210113,辽宁省_沈北,15
210000_210114,辽宁省_于洪,26
210000_210123,辽宁省_康平,6
210000_210115,辽宁省_辽中,15
220000_222401,吉林省_延吉,22
210000_210124,辽宁省_法库,7
210000_210181,辽宁省_新民,17
220000_222403,吉林省_敦化,11
220000_222402,吉林省_图们,4
220000_222405,吉林省_龙井,6
220000_222424,吉林省_汪清,8
220000_222404,吉林省_珲春,20
220000_222406,吉林省_和龙,9
220000_222426,吉林省_安图,6
150000_150402,内蒙古自治区_红山,98
150000_150403,内蒙古自治区_元宝,44
150000_150422,内蒙古自治区_巴林,112
150000_150404,内蒙古自治区_松山,90
150000_150421,内蒙古自治区_阿鲁,91
150000_150424,内蒙古自治区_林西,143
150000_150425,内蒙古自治区_克什,41
150000_150302,内蒙古自治区_海勃,26
150000_150429,内蒙古自治区_宁城,252
150000_150428,内蒙古自治区_喀喇,35
150000_150430,内蒙古自治区_敖汉,74
150000_150303,内蒙古自治区_海南,18
150000_150202,内蒙古自治区_东河,106
150000_150304,内蒙古自治区_乌达,32
150000_150205,内蒙古自治区_石拐,19
150000_150203,内蒙古自治区_昆都,27
150000_150426,内蒙古自治区_翁牛,8
150000_150204,内蒙古自治区_青山,105
150000_150206,内蒙古自治区_白云,11
150000_150207,内蒙古自治区_九原,33
150000_150221,内蒙古自治区_土默,156
150000_150102,内蒙古自治区_新城,120
150000_150103,内蒙古自治区_回民,58
150000_150223,内蒙古自治区_达尔,22
150000_150104,内蒙古自治区_玉泉,76
150000_150222,内蒙古自治区_固阳,19
150000_150122,内蒙古自治区_托克,218
150000_150271,内蒙古自治区_包头,186
220000_220503,吉林省_二道,17
150000_150171,内蒙古自治区_呼和,435
220000_220502,吉林省_东昌,16
150000_150105,内蒙古自治区_赛罕,196
150000_150123,内蒙古自治区_和林,103
150000_150125,内蒙古自治区_武川,58
150000_150124,内蒙古自治区_清水,21
220000_220521,吉林省_通化,42
220000_220523,吉林省_辉南,9
220000_220582,吉林省_集安,8
220000_220402,吉林省_龙山,15
220000_220581,吉林省_梅河,18
220000_220524,吉林省_柳河,8
220000_220403,吉林省_西安,12
220000_220422,吉林省_东辽,18
220000_220322,吉林省_梨树,12
220000_220323,吉林省_伊通,5
220000_220302,吉林省_铁西,21
220000_220382,吉林省_双辽,12
220000_220303,吉林省_铁东,6
220000_220421,吉林省_东丰,7
220000_220381,吉林省_公主,16
220000_220211,吉林省_丰满,10
220000_220204,吉林省_船营,30
220000_220221,吉林省_永吉,6
220000_220203,吉林省_龙潭,9
220000_220202,吉林省_昌邑,16
220000_220281,吉林省_蛟河,11
220000_220282,吉林省_桦甸,16
220000_220283,吉林省_舒兰,8
220000_220284,吉林省_磐石,11
220000_220103,吉林省_宽城,15
220000_220113,吉林省_九台,15
220000_220104,吉林省_朝阳,26
220000_220112,吉林省_双阳,7
220000_220106,吉林省_绿园,9
220000_220102,吉林省_南关,15
220000_220171,吉林省_长春,153
220000_220122,吉林省_农安,16
220000_220182,吉林省_榆树,5
530000_533422,云南省_德钦,3
220000_220183,吉林省_德惠,14
530000_533423,云南省_维西,7
530000_533324,云南省_贡山,2
530000_533301,云南省_泸水,7
530000_533325,云南省_兰坪,4
530000_533102,云南省_瑞丽,14
530000_533323,云南省_福贡,2
530000_533401,云南省_香格,12
530000_533122,云南省_梁河,4
530000_533103,云南省_芒市,16
530000_532922,云南省_漾濞,5
530000_532901,云南省_大理,70
530000_533123,云南省_盈江,6
530000_533124,云南省_陇川,7
530000_532923,云南省_祥云,15
530000_532924,云南省_宾川,9
530000_532926,云南省_南涧,4
530000_532925,云南省_弥渡,8
530000_532927,云南省_巍山,8
530000_532928,云南省_永平,5
530000_532932,云南省_鹤庆,5
530000_532930,云南省_洱源,7
530000_532929,云南省_云龙,2
530000_532931,云南省_剑川,6
530000_532823,云南省_勐腊,5
530000_532801,云南省_景洪,30
530000_532822,云南省_勐海,12
530000_532601,云南省_文山,32
530000_532623,云南省_西畴,3
530000_532622,云南省_砚山,4
530000_532626,云南省_丘北,4
530000_532624,云南省_麻栗,4
530000_532627,云南省_广南,6
530000_532625,云南省_马关,7
530000_532628,云南省_富宁,7
530000_532501,云南省_个旧,15
530000_532503,云南省_蒙自,20
530000_532523,云南省_屏边,1
530000_532502,云南省_开远,14
530000_532504,云南省_弥勒,14
530000_532524,云南省_建水,12
530000_532525,云南省_石屏,9
530000_532527,云南省_泸西,10
530000_532528,云南省_元阳,4
530000_532529,云南省_红河,46
530000_532531,云南省_绿春,3
530000_532532,云南省_河口,4
530000_532530,云南省_金平,6
220000_220821,吉林省_镇赉,4
220000_220802,吉林省_洮北,5
220000_220882,吉林省_大安,7
220000_220822,吉林省_通榆,5
530000_532322,云南省_双柏,4
530000_532301,云南省_楚雄,45
530000_532325,云南省_姚安,2
530000_532324,云南省_南华,7
530000_532323,云南省_牟定,7
530000_532326,云南省_大姚,6
530000_532328,云南省_元谋,3
530000_532331,云南省_禄丰,12
530000_532329,云南省_武定,8
530000_532327,云南省_永仁,3
530000_530902,云南省_临翔,10
220000_220881,吉林省_洮南,8
530000_530921,云南省_凤庆,6
530000_530922,云南省_云县,15
530000_530924,云南省_镇康,2
530000_530923,云南省_永德,3
530000_530925,云南省_双江,6
530000_530927,云南省_沧源,3
530000_530802,云南省_思茅,10
530000_530926,云南省_耿马,5
530000_530822,云南省_墨江,7
530000_530821,云南省_宁洱,9
530000_530825,云南省_镇沅,2
530000_530826,云南省_江城,4
530000_530829,云南省_西盟,1
530000_530827,云南省_孟连,4
530000_530828,云南省_澜沧,6
530000_530702,云南省_古城,18
530000_530824,云南省_景谷,7
530000_530823,云南省_景东,7
530000_530721,云南省_玉龙,3
530000_530723,云南省_华坪,8
530000_530722,云南省_永胜,5
530000_530724,云南省_宁蒗,5
530000_530602,云南省_昭阳,3
530000_530622,云南省_巧家,8
530000_530623,云南省_盐津,3
530000_530624,云南省_大关,11
530000_530625,云南省_永善,3
530000_530627,云南省_镇雄,3
530000_530626,云南省_绥江,5
530000_530628,云南省_彝良,3
530000_530621,云南省_鲁甸,7
530000_530681,云南省_水富,9
530000_530629,云南省_威信,17
530000_530521,云南省_施甸,5
530000_530502,云南省_隆阳,18
530000_530523,云南省_龙陵,11
530000_530581,云南省_腾冲,17
530000_530403,云南省_江川,6
530000_530402,云南省_红塔,2
530000_530422,云南省_澄江,4
530000_530423,云南省_通海,7
530000_530424,云南省_华宁,4
530000_530302,云南省_麒麟,19
530000_530524,云南省_昌宁,9
530000_530303,云南省_沾益,2
530000_530304,云南省_马龙,5
530000_530323,云南省_师宗,4
530000_530425,云南省_易门,4
530000_530322,云南省_陆良,8
530000_530427,云南省_新平,5
530000_530426,云南省_峨山,6
530000_530428,云南省_元江,5
530000_530324,云南省_罗平,4
530000_530325,云南省_富源,16
530000_530381,云南省_宣威,7
530000_530102,云南省_五华,45
530000_530326,云南省_会泽,14
530000_530103,云南省_盘龙,33
530000_530111,云南省_官渡,30
530000_530112,云南省_西山,40
530000_530113,云南省_东川,8
530000_530114,云南省_呈贡,6
530000_530115,云南省_晋宁,11
530000_530124,云南省_富民,11
530000_530125,云南省_宜良,5
530000_530127,云南省_嵩明,9
530000_530126,云南省_石林,9
530000_530128,云南省_禄劝,10
530000_530181,云南省_安宁,12
530000_530129,云南省_寻甸,6
520000_522701,贵州省_都匀,22
520000_522702,贵州省_福泉,12
520000_522722,贵州省_荔波,7
520000_522723,贵州省_贵定,10
520000_522725,贵州省_瓮安,17
520000_522726,贵州省_独山,12
520000_522727,贵州省_平塘,6
520000_522728,贵州省_罗甸,9
520000_522729,贵州省_长顺,2
520000_522731,贵州省_惠水,13
520000_522730,贵州省_龙里,9
520000_522732,贵州省_三都,7
500000_500229,重庆市_城口,30
500000_500231,重庆市_垫江,36
500000_500230,重庆市_丰都,42
500000_500235,重庆市_云阳,61
500000_500233,重庆市_忠县,9
500000_500238,重庆市_巫溪,15
500000_500240,重庆市_石柱,9
500000_500241,重庆市_秀山,4
500000_500243,重庆市_彭水,12
460000_469001,海南省_五指,101
500000_500242,重庆市_酉阳,6
500000_500237,重庆市_巫山,40
500000_500236,重庆市_奉节,41
460000_469002,海南省_琼海,139
460000_469005,海南省_文昌,121
460000_469006,海南省_万宁,412
460000_469007,海南省_东方,423
460000_469021,海南省_定安,207
460000_469022,海南省_屯昌,84
460000_469023,海南省_澄迈,331
460000_469025,海南省_白沙,137
460000_469024,海南省_临高,181
460000_469026,海南省_昌江,126
460000_469027,海南省_乐东,57
460000_469028,海南省_陵水,114
460000_469029,海南省_保亭,45
460000_469030,海南省_琼中,97
460000_460321,海南省_西沙,2
460000_460322,海南省_南沙,13
460000_460323,海南省_中沙,2
460000_460202,海南省_海棠,36
460000_460203,海南省_吉阳,50
460000_460204,海南省_天涯,43
460000_460105,海南省_秀英,75
460000_460205,海南省_崖州,14
460000_460107,海南省_琼山,98
460000_460106,海南省_龙华,184
460000_460108,海南省_美兰,125
500000_500102,重庆市_涪陵,20
500000_500103,重庆市_渝中,29
500000_500101,重庆市_万州,47
500000_500105,重庆市_江北,25
500000_500104,重庆市_大渡,15
500000_500106,重庆市_沙坪,29
500000_500107,重庆市_九龙,24
500000_500110,重庆市_綦江,9
500000_500108,重庆市_南岸,17
500000_500109,重庆市_北碚,15
500000_500111,重庆市_大足,22
510000_513422,四川省_木里,33
510000_513401,四川省_西昌,77
500000_500112,重庆市_渝北,27
510000_513423,四川省_盐源,41
510000_513424,四川省_德昌,25
500000_500113,重庆市_巴南,31
500000_500114,重庆市_黔江,14
500000_500115,重庆市_长寿,31
500000_500116,重庆市_江津,37
500000_500117,重庆市_合川,18
510000_513425,四川省_会理,57
500000_500118,重庆市_永川,48
500000_500119,重庆市_南川,20
500000_500151,重庆市_铜梁,32
500000_500120,重庆市_璧山,16
500000_500152,重庆市_潼南,33
500000_500153,重庆市_荣昌,12
510000_513426,四川省_会东,30
510000_513427,四川省_宁南,30
510000_513430,四川省_金阳,43
510000_513429,四川省_布拖,16
510000_513428,四川省_普格,36
500000_500154,重庆市_开州,6
500000_500155,重庆市_梁平,13
500000_500156,重庆市_武隆,17
510000_513301,四川省_康定,25
510000_513324,四川省_九龙,39
510000_513322,四川省_泸定,18
510000_513431,四川省_昭觉,52
510000_513433,四川省_冕宁,53
510000_513432,四川省_喜德,28
510000_513434,四川省_越西,13
510000_513435,四川省_甘洛,33
510000_513323,四川省_丹巴,20
510000_513326,四川省_道孚,26
510000_513325,四川省_雅江,17
510000_513327,四川省_炉霍,22
510000_513328,四川省_甘孜,45
510000_513329,四川省_新龙,24
510000_513436,四川省_美姑,40
510000_513330,四川省_德格,30
510000_513437,四川省_雷波,61
510000_513332,四川省_石渠,25
510000_513331,四川省_白玉,21
510000_513333,四川省_色达,19
510000_513334,四川省_理塘,27
510000_513335,四川省_巴塘,23
510000_513337,四川省_稻城,16
510000_513336,四川省_乡城,14
510000_513201,四川省_马尔,22
510000_513338,四川省_得荣,14
510000_513222,四川省_理县,72
510000_513221,四川省_汶川,19
510000_513223,四川省_茂县,26
510000_513224,四川省_松潘,25
510000_513225,四川省_九寨,21
510000_513227,四川省_小金,25
510000_513226,四川省_金川,26
510000_513228,四川省_黑水,19
510000_513231,四川省_阿坝,43
510000_513230,四川省_壤塘,14
510000_513232,四川省_若尔,22
510000_511902,四川省_巴州,65
510000_513233,四川省_红原,14
510000_511903,四川省_恩阳,16
510000_511921,四川省_通江,49
510000_511922,四川省_南江,35
510000_511971,四川省_巴中,39
510000_511923,四川省_平昌,39
510000_511802,四川省_雨城,30
510000_511803,四川省_名山,28
510000_511823,四川省_汉源,31
510000_511822,四川省_荥经,23
510000_511824,四川省_石棉,18
510000_511702,四川省_通川,53
510000_511825,四川省_天全,15
510000_511826,四川省_芦山,15
510000_511827,四川省_宝兴,8
510000_511703,四川省_达川,22
510000_511722,四川省_宣汉,41
510000_511724,四川省_大竹,46
510000_511723,四川省_开江,24
510000_511725,四川省_渠县,109
510000_511771,四川省_达州,56
510000_511602,四川省_广安,78
510000_511603,四川省_前锋,18
510000_511622,四川省_武胜,40
510000_511781,四川省_万源,72
510000_511681,四川省_华蓥,20
510000_511502,四川省_翠屏,32
510000_511623,四川省_邻水,50
510000_511621,四川省_岳池,39
510000_511503,四川省_南溪,23
510000_511504,四川省_叙州,0
510000_511525,四川省_高县,32
510000_511524,四川省_长宁,12
510000_511523,四川省_江安,34
510000_511526,四川省_珙县,33
510000_511527,四川省_筠连,32
510000_511528,四川省_兴文,21
510000_511529,四川省_屏山,20
510000_511402,四川省_东坡,54
510000_511403,四川省_彭山,19
510000_511421,四川省_仁寿,86
510000_511423,四川省_洪雅,20
510000_511424,四川省_丹棱,7
510000_511302,四川省_顺庆,87
510000_511304,四川省_嘉陵,64
510000_511303,四川省_高坪,54
510000_511425,四川省_青神,16
510000_511321,四川省_南部,105
510000_511322,四川省_营山,84
510000_511323,四川省_蓬安,53
510000_511325,四川省_西充,54
510000_511324,四川省_仪陇,73
510000_511381,四川省_阆中,0
510000_511102,四川省_市中,116
510000_511111,四川省_沙湾,27
510000_511113,四川省_金口,6
510000_511112,四川省_五通,15
510000_511124,四川省_井研,32
510000_511126,四川省_夹江,31
510000_511129,四川省_沐川,25
510000_511132,四川省_峨边,26
510000_511133,四川省_马边,12
510000_511123,四川省_犍为,40
510000_512002,四川省_雁江,36
510000_512021,四川省_安岳,86
510000_511011,四川省_东兴,63
510000_511181,四川省_峨眉,30
510000_512022,四川省_乐至,14
510000_511024,四川省_威远,36
510000_511025,四川省_资中,39
510000_511071,四川省_内江,71
510000_511083,四川省_隆昌,30
510000_510903,四川省_船山,22
510000_510904,四川省_安居,20
510000_510921,四川省_蓬溪,41
510000_510922,四川省_射洪,51
510000_510802,四川省_利州,46
510000_510811,四川省_昭化,30
510000_510923,四川省_大英,23
510000_510812,四川省_朝天,29
510000_510821,四川省_旺苍,44
510000_510822,四川省_青川,30
510000_510823,四川省_剑阁,66
510000_510824,四川省_苍溪,80
510000_510703,四川省_涪城,30
510000_510704,四川省_游仙,35
510000_510705,四川省_安州,9
510000_510723,四川省_盐亭,34
510000_510722,四川省_三台,80
510000_510725,四川省_梓潼,40
510000_510726,四川省_北川,27
510000_510727,四川省_平武,23
510000_510781,四川省_江油,79
510000_510603,四川省_旌阳,15
510000_510623,四川省_中江,57
510000_510681,四川省_广汉,40
510000_510604,四川省_罗江,16
510000_510682,四川省_什邡,35
510000_510683,四川省_绵竹,36
510000_510502,四川省_江阳,40
510000_510521,四川省_泸县,40
510000_510504,四川省_龙马,46
510000_510522,四川省_合江,45
510000_510525,四川省_古蔺,20
510000_510524,四川省_叙永,17
510000_510402,四川省_东区,35
510000_510503,四川省_纳溪,20
510000_510403,四川省_西区,20
510000_510411,四川省_仁和,31
510000_510421,四川省_米易,19
510000_510422,四川省_盐边,20
510000_510302,四川省_自流,14
510000_510304,四川省_大安,20
510000_510303,四川省_贡井,13
510000_510321,四川省_荣县,49
510000_510311,四川省_沿滩,19
510000_510322,四川省_富顺,29
510000_510104,四川省_锦江,49
510000_510105,四川省_青羊,78
510000_510106,四川省_金牛,44
510000_510108,四川省_成华,47
510000_510107,四川省_武侯,98
510000_510112,四川省_龙泉,54
510000_510114,四川省_新都,43
510000_510113,四川省_青白,25
510000_510115,四川省_温江,47
510000_510116,四川省_双流,56
510000_510117,四川省_郫都,27
510000_510121,四川省_金堂,53
510000_510129,四川省_大邑,51
510000_510132,四川省_新津,20
510000_510181,四川省_都江,70
510000_510131,四川省_蒲江,22
510000_510182,四川省_彭州,63
510000_510184,四川省_崇州,67
510000_510183,四川省_邛崃,28
510000_510185,四川省_简阳,65
520000_522601,贵州省_凯里,44
520000_522622,贵州省_黄平,7
520000_522624,贵州省_三穗,6
520000_522623,贵州省_施秉,7
520000_522626,贵州省_岑巩,9
520000_522627,贵州省_天柱,12
520000_522625,贵州省_镇远,5
520000_522628,贵州省_锦屏,9
520000_522629,贵州省_剑河,3
520000_522630,贵州省_台江,6
520000_522633,贵州省_从江,8
520000_522632,贵州省_榕江,5
520000_522635,贵州省_麻江,5
520000_522634,贵州省_雷山,9
520000_522301,贵州省_兴义,14
520000_522302,贵州省_兴仁,5
520000_522323,贵州省_普安,17
520000_522324,贵州省_晴隆,12
520000_522631,贵州省_黎平,20
520000_522325,贵州省_贞丰,1
520000_522636,贵州省_丹寨,8
520000_522327,贵州省_册亨,7
520000_520602,贵州省_碧江,15
520000_520603,贵州省_万山,5
520000_522328,贵州省_安龙,9
520000_520621,贵州省_江口,4
520000_520622,贵州省_玉屏,9
520000_520623,贵州省_石阡,5
520000_522326,贵州省_望谟,10
520000_520624,贵州省_思南,15
520000_520625,贵州省_印江,6
520000_520626,贵州省_德江,7
520000_520627,贵州省_沿河,11
520000_520628,贵州省_松桃,11
520000_520502,贵州省_七星,44
520000_520521,贵州省_大方,40
520000_520522,贵州省_黔西,73
520000_520524,贵州省_织金,5
520000_520523,贵州省_金沙,20
520000_520525,贵州省_纳雍,23
520000_520527,贵州省_赫章,33
520000_520303,贵州省_汇川,15
520000_520304,贵州省_播州,14
520000_520302,贵州省_红花,28
520000_520322,贵州省_桐梓,12
520000_520324,贵州省_正安,3
520000_520323,贵州省_绥阳,10
520000_520526,贵州省_威宁,32
520000_520325,贵州省_道真,7
520000_520327,贵州省_凤冈,6
520000_520326,贵州省_务川,6
520000_520328,贵州省_湄潭,6
520000_520329,贵州省_余庆,3
520000_520330,贵州省_习水,8
520000_520382,贵州省_仁怀,13
520000_520381,贵州省_赤水,18
520000_520201,贵州省_钟山,47
520000_520203,贵州省_六枝,11
520000_520221,贵州省_水城,12
520000_520102,贵州省_南明,60
520000_520103,贵州省_云岩,64
520000_520281,贵州省_盘州,57
520000_520111,贵州省_花溪,30
520000_520112,贵州省_乌当,11
520000_520115,贵州省_观山,9
520000_520113,贵州省_白云,15
520000_520121,贵州省_开阳,11
520000_520181,贵州省_清镇,15
520000_520402,贵州省_西秀,16
520000_520403,贵州省_平坝,8
520000_520422,贵州省_普定,14
520000_520423,贵州省_镇宁,3
520000_520424,贵州省_关岭,6
520000_520123,贵州省_修文,7
520000_520425,贵州省_紫云,3
520000_520122,贵州省_息烽,11
450000_450403,广西壮族自治区_万秀,9
450000_450405,广西壮族自治区_长洲,4
450000_450406,广西壮族自治区_龙圩,5
450000_450421,广西壮族自治区_苍梧,15
450000_450423,广西壮族自治区_蒙山,9
450000_450422,广西壮族自治区_藤县,24
440000_440902,广东省_茂南,3
450000_450481,广西壮族自治区_岑溪,20
440000_440904,广东省_电白,10
440000_440981,广东省_高州,10
440000_440982,广东省_化州,7
440000_445303,广东省_云安,0
440000_440983,广东省_信宜,7
440000_445321,广东省_新兴,23
440000_445302,广东省_云城,3
440000_445322,广东省_郁南,4
440000_445381,广东省_罗定,8
430000_433122,湖南省_泸溪,3
430000_433101,湖南省_吉首,15
430000_433124,湖南省_花垣,3
430000_433123,湖南省_凤凰,13
430000_433125,湖南省_保靖,5
430000_433126,湖南省_古丈,5
430000_433127,湖南省_永顺,6
430000_433172,湖南省_湖南,200
430000_433130,湖南省_龙山,17
430000_431302,湖南省_娄星,13
430000_431321,湖南省_双峰,10
430000_431322,湖南省_新化,18
430000_431381,湖南省_冷水,29
430000_431382,湖南省_涟源,24
430000_431202,湖南省_鹤城,15
430000_431221,湖南省_中方,0
430000_431102,湖南省_零陵,9
430000_431121,湖南省_祁阳,18
430000_431222,湖南省_沅陵,8
430000_431223,湖南省_辰溪,8
430000_431224,湖南省_溆浦,3
430000_431225,湖南省_会同,3
430000_431226,湖南省_麻阳,5
430000_431123,湖南省_双牌,5
430000_431122,湖南省_东安,12
430000_431124,湖南省_道县,14
430000_431125,湖南省_江永,6
430000_431126,湖南省_宁远,11
430000_431227,湖南省_新晃,4
430000_431228,湖南省_芷江,8
430000_431271,湖南省_怀化,43
430000_431229,湖南省_靖州,5
430000_431230,湖南省_通道,4
430000_431002,湖南省_北湖,25
430000_431003,湖南省_苏仙,7
430000_431022,湖南省_宜章,6
430000_431021,湖南省_桂阳,12
430000_431023,湖南省_永兴,6
430000_431127,湖南省_蓝山,11
430000_431128,湖南省_新田,4
430000_431129,湖南省_江华,11
430000_431171,湖南省_永州,36
430000_430902,湖南省_资阳,3
430000_430903,湖南省_赫山,5
430000_430921,湖南省_南县,28
430000_431281,湖南省_洪江,8
430000_431024,湖南省_嘉禾,8
430000_431025,湖南省_临武,7
430000_431026,湖南省_汝城,6
430000_431028,湖南省_安仁,11
430000_431027,湖南省_桂东,6
430000_431081,湖南省_资兴,8
430000_430922,湖南省_桃江,12
430000_430923,湖南省_安化,9
430000_430971,湖南省_益阳,27
430000_430981,湖南省_沅江,10
430000_430811,湖南省_武陵,38
430000_430802,湖南省_永定,5
430000_430821,湖南省_慈利,6
430000_430822,湖南省_桑植,7
430000_430721,湖南省_安乡,8
430000_430703,湖南省_鼎城,4
430000_430722,湖南省_汉寿,8
430000_430723,湖南省_澧县,13
430000_430724,湖南省_临澧,2
430000_430726,湖南省_石门,7
430000_430771,湖南省_常德,0
430000_430602,湖南省_岳阳,45
430000_430781,湖南省_津市,5
430000_430603,湖南省_云溪,5
430000_430611,湖南省_君山,2
430000_430725,湖南省_桃源,13
430000_430624,湖南省_湘阴,7
430000_430623,湖南省_华容,9
430000_430626,湖南省_平江,20
430000_430682,湖南省_临湘,10
430000_430681,湖南省_汨罗,7
430000_430502,湖南省_双清,7
430000_430511,湖南省_北塔,3
430000_430523,湖南省_邵阳,70
430000_430503,湖南省_大祥,17
430000_430522,湖南省_新邵,2
430000_430524,湖南省_隆回,15
430000_430521,湖南省_邵东,10
430000_430525,湖南省_洞口,10
430000_430527,湖南省_绥宁,10
430000_430528,湖南省_新宁,4
430000_430529,湖南省_城步,6
430000_430581,湖南省_武冈,16
430000_430406,湖南省_雁峰,6
430000_430405,湖南省_珠晖,11
430000_430407,湖南省_石鼓,16
430000_430408,湖南省_蒸湘,17
430000_430421,湖南省_衡阳,98
430000_430412,湖南省_南岳,3
430000_430422,湖南省_衡南,13
430000_430424,湖南省_衡东,15
430000_430423,湖南省_衡山,8
430000_430426,湖南省_祁东,12
430000_430481,湖南省_耒阳,14
430000_430482,湖南省_常宁,12
430000_430302,湖南省_雨湖,19
430000_430304,湖南省_岳塘,13
430000_430321,湖南省_湘潭,79
430000_430381,湖南省_湘乡,13
430000_430382,湖南省_韶山,12
430000_430202,湖南省_荷塘,3
430000_430203,湖南省_芦淞,6
430000_430204,湖南省_石峰,3
430000_430211,湖南省_天元,1
430000_430212,湖南省_渌口,0
430000_430223,湖南省_攸县,6
430000_430224,湖南省_茶陵,11
430000_430225,湖南省_炎陵,3
430000_430271,湖南省_云龙,1
430000_430281,湖南省_醴陵,19
430000_430102,湖南省_芙蓉,13
430000_430104,湖南省_岳麓,10
430000_430103,湖南省_天心,11
430000_430105,湖南省_开福,4
430000_430111,湖南省_雨花,10
430000_430121,湖南省_长沙,126
430000_430112,湖南省_望城,15
430000_430181,湖南省_浏阳,33
430000_430182,湖南省_宁乡,12
440000_445203,广东省_揭东,6
440000_445202,广东省_榕城,8
440000_445222,广东省_揭西,11
440000_445224,广东省_惠来,8
440000_445281,广东省_普宁,49
440000_445102,广东省_湘桥,3
440000_445103,广东省_潮安,10
440000_445122,广东省_饶平,11
440000_441802,广东省_清城,23
440000_441803,广东省_清新,16
440000_441821,广东省_佛冈,3
440000_441823,广东省_阳山,14
440000_441825,广东省_连山,12
440000_441881,广东省_英德,24
440000_441826,广东省_连南,3
440000_441882,广东省_连州,34
440000_441704,广东省_阳东,3
440000_441702,广东省_江城,6
440000_441721,广东省_阳西,5
440000_441781,广东省_阳春,6
440000_441622,广东省_龙川,7
440000_441621,广东省_紫金,4
440000_441602,广东省_源城,6
440000_441623,广东省_连平,6
440000_441502,广东省_城区,205
440000_441624,广东省_和平,22
440000_441625,广东省_东源,5
440000_441521,广东省_海丰,7
440000_441523,广东省_陆河,5
440000_441402,广东省_梅江,8
440000_441581,广东省_陆丰,18
440000_441403,广东省_梅县,12
440000_441422,广东省_大埔,16
440000_441423,广东省_丰顺,6
440000_441424,广东省_五华,3
440000_441426,广东省_平远,15
440000_441427,广东省_蕉岭,6
440000_441481,广东省_兴宁,32
440000_441303,广东省_惠阳,23
440000_441322,广东省_博罗,10
440000_441323,广东省_惠东,25
440000_441324,广东省_龙门,34
440000_441202,广东省_端州,13
440000_441302,广东省_惠城,46
440000_441223,广东省_广宁,5
440000_441204,广东省_高要,21
440000_441225,广东省_封开,6
440000_441224,广东省_怀集,6
440000_441284,广东省_四会,10
440000_441226,广东省_德庆,3
440000_441203,广东省_鼎湖,2
440000_440802,广东省_赤坎,60
440000_440823,广东省_遂溪,84
440000_440803,广东省_霞山,110
440000_440811,广东省_麻章,44
440000_440825,广东省_徐闻,63
440000_440882,广东省_雷州,124
440000_440881,广东省_廉江,99
440000_440804,广东省_坡头,32
440000_440703,广东省_蓬江,3
440000_440883,广东省_吴川,73
440000_440705,广东省_新会,16
440000_440704,广东省_江海,4
440000_440781,广东省_台山,14
440000_440783,广东省_开平,11
440000_440784,广东省_鹤山,6
440000_440785,广东省_恩平,10
440000_440604,广东省_禅城,73
440000_440605,广东省_南海,106
440000_440606,广东省_顺德,180
440000_440608,广东省_高明,30
440000_440507,广东省_龙湖,11
440000_440607,广东省_三水,63
440000_440511,广东省_金平,4
440000_440513,广东省_潮阳,19
440000_440512,广东省_濠江,1
440000_440515,广东省_澄海,7
440000_440523,广东省_南澳,2
440000_440514,广东省_潮南,14
440000_440402,广东省_香洲,21
440000_440303,广东省_罗湖,46
440000_440404,广东省_金湾,3
440000_440403,广东省_斗门,13
440000_440305,广东省_南山,33
440000_440306,广东省_宝安,68
440000_440307,广东省_龙岗,57
440000_440308,广东省_盐田,6
440000_440309,广东省_龙华,34
440000_440310,广东省_坪山,6
440000_440304,广东省_福田,50
440000_440311,广东省_光明,17
440000_440103,广东省_荔湾,34
440000_440105,广东省_海珠,42
440000_440106,广东省_天河,71
440000_440111,广东省_白云,67
440000_440104,广东省_越秀,49
440000_440113,广东省_番禺,43
440000_440112,广东省_黄埔,29
440000_440114,广东省_花都,26
440000_440115,广东省_南沙,9
440000_440117,广东省_从化,13
440000_440203,广东省_武江,18
440000_440118,广东省_增城,32
440000_440204,广东省_浈江,11
440000_440205,广东省_曲江,20
440000_440222,广东省_始兴,18
440000_440224,广东省_仁化,29
440000_440281,广东省_乐昌,49
440000_440232,广东省_乳源,15
440000_440233,广东省_新丰,18
440000_440229,广东省_翁源,15
440000_440282,广东省_南雄,64
450000_451421,广西壮族自治区_扶绥,18
450000_451402,广西壮族自治区_江州,11
450000_451424,广西壮族自治区_大新,24
450000_451423,广西壮族自治区_龙州,15
450000_451422,广西壮族自治区_宁明,17
450000_451481,广西壮族自治区_凭祥,5
450000_451302,广西壮族自治区_兴宾,26
450000_451321,广西壮族自治区_忻城,17
450000_451322,广西壮族自治区_象州,12
450000_451324,广西壮族自治区_金秀,2
450000_451221,广西壮族自治区_南丹,21
450000_451425,广西壮族自治区_天等,18
450000_451203,广西壮族自治区_宜州,23
450000_451323,广西壮族自治区_武宣,15
450000_451222,广西壮族自治区_天峨,15
450000_451202,广西壮族自治区_金城,13
450000_451381,广西壮族自治区_合山,6
450000_451225,广西壮族自治区_罗城,15
450000_451226,广西壮族自治区_环江,14
450000_451227,广西壮族自治区_巴马,11
450000_451228,广西壮族自治区_都安,23
450000_451223,广西壮族自治区_凤山,12
450000_451224,广西壮族自治区_东兰,11
450000_451229,广西壮族自治区_大化,21
450000_451102,广西壮族自治区_八步,16
450000_451103,广西壮族自治区_平桂,1
450000_451122,广西壮族自治区_钟山,14
450000_451123,广西壮族自治区_富川,15
450000_451002,广西壮族自治区_右江,15
450000_451021,广西壮族自治区_田阳,16
450000_451023,广西壮族自治区_平果,20
450000_451022,广西壮族自治区_田东,20
450000_451024,广西壮族自治区_德保,13
450000_451121,广西壮族自治区_昭平,12
450000_451026,广西壮族自治区_那坡,19
450000_451027,广西壮族自治区_凌云,11
450000_451028,广西壮族自治区_乐业,9
450000_451030,广西壮族自治区_西林,4
450000_451029,广西壮族自治区_田林,23
450000_451031,广西壮族自治区_隆林,18
450000_450902,广西壮族自治区_玉州,5
450000_450903,广西壮族自治区_福绵,0
450000_451081,广西壮族自治区_靖西,24
450000_450921,广西壮族自治区_容县,21
450000_450922,广西壮族自治区_陆川,19
450000_450924,广西壮族自治区_兴业,9
450000_450702,广西壮族自治区_钦南,15
450000_450981,广西壮族自治区_北流,31
450000_450703,广西壮族自治区_钦北,12
450000_450923,广西壮族自治区_博白,43
450000_450721,广西壮族自治区_灵山,23
450000_450602,广西壮族自治区_港口,5
450000_450722,广西壮族自治区_浦北,20
450000_450621,广西壮族自治区_上思,9
450000_450603,广西壮族自治区_防城,23
450000_450502,广西壮族自治区_海城,9
450000_450503,广西壮族自治区_银海,8
450000_450681,广西壮族自治区_东兴,9
450000_450521,广西壮族自治区_合浦,26
450000_450302,广西壮族自治区_秀峰,1
450000_450512,广西壮族自治区_铁山,3
450000_450303,广西壮族自治区_叠彩,7
450000_450305,广西壮族自治区_七星,5
450000_450311,广西壮族自治区_雁山,0
450000_450304,广西壮族自治区_象山,6
450000_450312,广西壮族自治区_临桂,9
450000_450321,广西壮族自治区_阳朔,10
450000_450324,广西壮族自治区_全州,27
450000_450323,广西壮族自治区_灵川,18
450000_450325,广西壮族自治区_兴安,7
450000_450326,广西壮族自治区_永福,12
450000_450327,广西壮族自治区_灌阳,8
450000_450328,广西壮族自治区_龙胜,11
450000_450330,广西壮族自治区_平乐,19
450000_450329,广西壮族自治区_资源,12
450000_450332,广西壮族自治区_恭城,14
450000_450381,广西壮族自治区_荔浦,17
450000_450102,广西壮族自治区_兴宁,10
450000_450103,广西壮族自治区_青秀,22
450000_450105,广西壮族自治区_江南,19
450000_450107,广西壮族自治区_西乡,27
450000_450108,广西壮族自治区_良庆,13
450000_450109,广西壮族自治区_邕宁,10
450000_450110,广西壮族自治区_武鸣,18
450000_450124,广西壮族自治区_马山,18
450000_450125,广西壮族自治区_上林,17
450000_450123,广西壮族自治区_隆安,13
410000_419001,河南省_济源,20
450000_450126,广西壮族自治区_宾阳,30
450000_450127,广西壮族自治区_横县,23
410000_411702,河南省_驿城,0
410000_411722,河南省_上蔡,7
410000_411721,河南省_西平,7
410000_411723,河南省_平舆,6
410000_411724,河南省_正阳,5
410000_411725,河南省_确山,11
410000_411727,河南省_汝南,7
410000_411726,河南省_泌阳,17
410000_411771,河南省_河南,89
410000_411728,河南省_遂平,8
410000_411729,河南省_新蔡,8
410000_411602,河南省_川汇,3
410000_411621,河南省_扶沟,5
410000_411625,河南省_郸城,12
410000_411623,河南省_商水,8
410000_411624,河南省_沈丘,8
410000_411627,河南省_太康,10
410000_411628,河南省_鹿邑,4
410000_411626,河南省_淮阳,8
410000_411681,河南省_项城,8
410000_411503,河南省_平桥,2
410000_411502,河南省_浉河,1
410000_411522,河南省_光山,6
410000_411521,河南省_罗山,6
410000_411523,河南省_新县,5
410000_411524,河南省_商城,14
410000_411525,河南省_固始,10
410000_411526,河南省_潢川,9
410000_411527,河南省_淮滨,9
410000_411622,河南省_西华,6
410000_411528,河南省_息县,7
450000_450802,广西壮族自治区_港北,14
450000_450803,广西壮族自治区_港南,11
410000_411571,河南省_信阳,29
450000_450804,广西壮族自治区_覃塘,11
450000_450881,广西壮族自治区_桂平,35
370000_371702,山东省_牡丹,177
370000_371721,山东省_曹县,113
370000_371703,山东省_定陶,54
450000_450821,广西壮族自治区_平南,28
370000_371723,山东省_成武,46
370000_371722,山东省_单县,106
370000_371724,山东省_巨野,125
370000_371726,山东省_鄄城,92
370000_371725,山东省_郓城,36
370000_371771,山东省_菏泽,333
370000_371728,山东省_东明,21
370000_371603,山东省_沾化,2
370000_371621,山东省_惠民,76
370000_371602,山东省_滨城,239
370000_371623,山东省_无棣,53
370000_371622,山东省_阳信,59
370000_371681,山东省_邹平,85
370000_371502,山东省_东昌,78
370000_371521,山东省_阳谷,49
370000_371522,山东省_莘县,69
370000_371625,山东省_博兴,94
370000_371523,山东省_茌平,83
370000_371524,山东省_东阿,34
370000_371525,山东省_冠县,50
370000_371526,山东省_高唐,37
370000_371581,山东省_临清,42
370000_371402,山东省_德城,201
370000_371422,山东省_宁津,71
370000_371403,山东省_陵城,2
370000_371423,山东省_庆云,28
370000_371424,山东省_临邑,65
370000_371425,山东省_齐河,76
370000_371426,山东省_平原,95
370000_371427,山东省_夏津,52
370000_371471,山东省_德州,161
370000_371428,山东省_武城,62
370000_371481,山东省_乐陵,75
370000_371482,山东省_禹城,129
370000_371312,山东省_河东,82
370000_371321,山东省_沂南,81
370000_371311,山东省_罗庄,48
370000_371322,山东省_郯城,54
370000_371302,山东省_兰山,212
370000_371323,山东省_沂水,48
370000_371324,山东省_兰陵,85
370000_371325,山东省_费县,54
370000_371326,山东省_平邑,43
370000_371327,山东省_莒南,71
370000_371328,山东省_蒙阴,58
370000_371329,山东省_临沭,53
370000_371371,山东省_临沂,268
370000_371202,山东省_莱城,109
370000_371203,山东省_钢城,53
370000_371102,山东省_东港,40
370000_371103,山东省_岚山,38
370000_371121,山东省_五莲,66
370000_371171,山东省_日照,182
370000_371002,山东省_环翠,58
370000_371122,山东省_莒县,100
370000_371003,山东省_文登,21
370000_371082,山东省_荣成,257
370000_371071,山东省_威海,256
370000_370902,山东省_泰山,118
370000_371083,山东省_乳山,102
370000_370911,山东省_岱岳,111
370000_370921,山东省_宁阳,45
370000_370982,山东省_新泰,131
370000_370923,山东省_东平,50
370000_370983,山东省_肥城,111
370000_370812,山东省_兖州,16
370000_370826,山东省_微山,79
370000_370811,山东省_任城,82
370000_370827,山东省_鱼台,43
370000_370828,山东省_金乡,48
370000_370829,山东省_嘉祥,79
370000_370830,山东省_汶上,68
370000_370831,山东省_泗水,41
370000_370832,山东省_梁山,78
370000_370871,山东省_济宁,162
370000_370883,山东省_邹城,163
370000_370881,山东省_曲阜,32
370000_370702,山东省_潍城,175
370000_370703,山东省_寒亭,51
370000_370704,山东省_坊子,74
370000_370724,山东省_临朐,78
370000_370725,山东省_昌乐,112
370000_370772,山东省_潍坊,288
370000_370782,山东省_诸城,176
370000_370781,山东省_青州,70
370000_370783,山东省_寿光,84
370000_370784,山东省_安丘,75
370000_370785,山东省_高密,142
370000_370705,山东省_奎文,193
370000_370786,山东省_昌邑,80
370000_370602,山东省_芝罘,159
370000_370611,山东省_福山,76
370000_370612,山东省_牟平,110
370000_370682,山东省_莱阳,101
370000_370671,山东省_烟台,371
370000_370613,山东省_莱山,85
370000_370681,山东省_龙口,120
370000_370634,山东省_长岛,15
370000_370683,山东省_莱州,201
370000_370684,山东省_蓬莱,81
370000_370685,山东省_招远,49
370000_370686,山东省_栖霞,122
370000_370502,山东省_东营,312
370000_370687,山东省_海阳,55
370000_370503,山东省_河口,81
370000_370505,山东省_垦利,58
370000_370522,山东省_利津,50
370000_370523,山东省_广饶,50
370000_370402,山东省_市中,467
370000_370406,山东省_山亭,32
370000_370481,山东省_滕州,88
370000_370403,山东省_薛城,62
370000_370405,山东省_台儿,20
370000_370404,山东省_峄城,14
370000_370302,山东省_淄川,249
370000_370303,山东省_张店,379
370000_370304,山东省_博山,97
370000_370321,山东省_桓台,96
370000_370322,山东省_高青,70
370000_370306,山东省_周村,136
370000_370323,山东省_沂源,34
370000_370305,山东省_临淄,167
370000_370202,山东省_市南,149
370000_370203,山东省_市北,160
370000_370213,山东省_李沧,366
370000_370212,山东省_崂山,177
370000_370211,山东省_黄岛,85
370000_370214,山东省_城阳,198
370000_370215,山东省_即墨,193
370000_370271,山东省_青岛,610
370000_370281,山东省_胶州,82
370000_370283,山东省_平度,161
370000_370102,山东省_历下,424
370000_370285,山东省_莱西,76
370000_370105,山东省_天桥,389
370000_370104,山东省_槐荫,282
370000_370112,山东省_历城,218
370000_370114,山东省_章丘,99
370000_370115,山东省_济阳,44
370000_370113,山东省_长清,78
370000_370124,山东省_平阴,73
370000_370126,山东省_商河,92
370000_370171,山东省_济南,1353
410000_411403,河南省_睢阳,13
410000_411421,河南省_民权,7
410000_411402,河南省_梁园,5
410000_411422,河南省_睢县,5
410000_411424,河南省_柘城,5
410000_411423,河南省_宁陵,7
410000_411426,河南省_夏邑,14
410000_411481,河南省_永城,12
410000_411471,河南省_豫东,0
410000_411425,河南省_虞城,6
410000_411302,河南省_宛城,4
410000_411303,河南省_卧龙,10
410000_411322,河南省_方城,14
410000_411321,河南省_南召,14
410000_411202,河南省_湖滨,2
410000_411203,河南省_陕州,4
410000_411323,河南省_西峡,8
410000_411324,河南省_镇平,9
410000_411327,河南省_社旗,9
410000_411326,河南省_淅川,8
410000_411325,河南省_内乡,7
410000_411221,河南省_渑池,11
410000_411330,河南省_桐柏,15
410000_411328,河南省_唐河,8
410000_411329,河南省_新野,7
410000_411224,河南省_卢氏,5
410000_411102,河南省_源汇,0
410000_411371,河南省_南阳,102
410000_411104,河南省_召陵,4
410000_411103,河南省_郾城,6
410000_411121,河南省_舞阳,6
410000_411122,河南省_临颍,3
410000_411281,河南省_义马,10
410000_411282,河南省_灵宝,22
410000_411002,河南省_魏都,1
410000_411003,河南省_建安,2
410000_411381,河南省_邓州,17
410000_411171,河南省_漯河,37
410000_410902,河南省_华龙,4
410000_410922,河南省_清丰,8
410000_410923,河南省_南乐,10
410000_411025,河南省_襄城,11
410000_411024,河南省_鄢陵,7
410000_410926,河南省_范县,5
410000_410927,河南省_台前,8
410000_411071,河南省_许昌,30
410000_410702,河南省_红旗,13
410000_410703,河南省_卫滨,1
410000_410802,河南省_解放,57
410000_410704,河南省_凤泉,0
410000_410711,河南省_牧野,1
410000_410803,河南省_中站,4
410000_410928,河南省_濮阳,35
410000_411082,河南省_长葛,9
410000_411081,河南省_禹州,10
410000_410721,河南省_新乡,39
410000_410724,河南省_获嘉,9
410000_410726,河南省_延津,6
410000_410725,河南省_原阳,5
410000_410727,河南省_封丘,14
410000_410804,河南省_马村,5
410000_410811,河南省_山阳,0
410000_410781,河南省_卫辉,13
410000_410728,河南省_长垣,6
410000_410782,河南省_辉县,17
410000_410821,河南省_修武,5
410000_410822,河南省_博爱,6
410000_410825,河南省_温县,6
410000_410871,河南省_焦作,49
410000_410823,河南省_武陟,10
410000_410882,河南省_沁阳,10
410000_410883,河南省_孟州,7
410000_410602,河南省_鹤山,5
410000_410603,河南省_山城,8
410000_410611,河南省_淇滨,16
410000_410622,河南省_淇县,26
410000_410621,河南省_浚县,17
410000_410671,河南省_鹤壁,40
410000_410502,河南省_文峰,11
410000_410503,河南省_北关,23
410000_410505,河南省_殷都,2
410000_410506,河南省_龙安,2
410000_410522,河南省_安阳,58
410000_410523,河南省_汤阴,11
410000_410526,河南省_滑县,12
410000_410527,河南省_内黄,12
410000_410581,河南省_林州,21
410000_410402,河南省_新华,45
410000_410403,河南省_卫东,10
410000_410404,河南省_石龙,2
410000_410411,河南省_湛河,2
410000_410422,河南省_叶县,5
410000_410421,河南省_宝丰,14
410000_410423,河南省_鲁山,21
410000_410425,河南省_郏县,9
410000_410471,河南省_平顶,65
410000_410482,河南省_汝州,19
410000_410481,河南省_舞钢,11
410000_410302,河南省_老城,16
410000_410304,河南省_瀍河,2
410000_410303,河南省_西工,21
410000_410306,河南省_吉利,3
410000_410305,河南省_涧西,24
410000_410311,河南省_洛龙,8
410000_410322,河南省_孟津,12
410000_410323,河南省_新安,11
410000_410325,河南省_嵩县,12
410000_410324,河南省_栾川,8
410000_410327,河南省_宜阳,7
410000_410326,河南省_汝阳,5
410000_410328,河南省_洛宁,6
410000_410329,河南省_伊川,7
410000_410371,河南省_洛阳,116
410000_410381,河南省_偃师,6
410000_410203,河南省_顺河,3
410000_410202,河南省_龙亭,0
410000_410204,河南省_鼓楼,2
410000_410205,河南省_禹王,2
410000_410212,河南省_祥符,3
410000_410222,河南省_通许,8
410000_410223,河南省_尉氏,6
410000_410221,河南省_杞县,8
410000_410225,河南省_兰考,14
410000_410102,河南省_中原,22
410000_410103,河南省_二七,7
410000_410104,河南省_管城,9
410000_410106,河南省_上街,10
410000_410108,河南省_惠济,2
410000_410105,河南省_金水,14
410000_410171,河南省_郑州,130
410000_410122,河南省_中牟,7
410000_410181,河南省_巩义,7
410000_410182,河南省_荥阳,7
410000_410183,河南省_新密,15
410000_410185,河南省_登封,12
420000_429004,湖北省_仙桃,17
420000_429005,湖北省_潜江,17
410000_410184,河南省_新郑,10
420000_429006,湖北省_天门,22
420000_429021,湖北省_神农,5
420000_422801,湖北省_恩施,19
420000_422822,湖北省_建始,5
420000_422823,湖北省_巴东,6
420000_422825,湖北省_宣恩,3
420000_422802,湖北省_利川,5
420000_422826,湖北省_咸丰,4
420000_422827,湖北省_来凤,10
420000_422828,湖北省_鹤峰,3
420000_421303,湖北省_曾都,10
420000_421321,湖北省_随县,1
420000_421381,湖北省_广水,6
420000_421202,湖北省_咸安,8
420000_421221,湖北省_嘉鱼,5
420000_421223,湖北省_崇阳,5
420000_421222,湖北省_通城,5
420000_421281,湖北省_赤壁,11
420000_421224,湖北省_通山,5
420000_421102,湖北省_黄州,17
420000_421121,湖北省_团风,7
420000_421122,湖北省_红安,9
420000_421123,湖北省_罗田,6
420000_421124,湖北省_英山,3
420000_421127,湖北省_黄梅,10
420000_421126,湖北省_蕲春,15
420000_421171,湖北省_龙感,1
420000_421125,湖北省_浠水,20
420000_421181,湖北省_麻城,13
420000_421182,湖北省_武穴,16
420000_421002,湖北省_沙市,19
420000_421003,湖北省_荆州,36
420000_421022,湖北省_公安,5
420000_421083,湖北省_洪湖,9
420000_421023,湖北省_监利,13
420000_421081,湖北省_石首,7
420000_421024,湖北省_江陵,5
420000_420902,湖北省_孝南,7
420000_420921,湖北省_孝昌,5
420000_420922,湖北省_大悟,12
420000_420981,湖北省_应城,11
420000_420984,湖北省_汉川,19
420000_420982,湖北省_安陆,12
420000_420923,湖北省_云梦,5
420000_421087,湖北省_松滋,11
420000_420802,湖北省_东宝,3
420000_420804,湖北省_掇刀,8
420000_420822,湖北省_沙洋,10
420000_420881,湖北省_钟祥,12
420000_420882,湖北省_京山,19
420000_420703,湖北省_华容,4
420000_420704,湖北省_鄂城,5
420000_420602,湖北省_襄城,13
420000_420702,湖北省_梁子,0
420000_420607,湖北省_襄州,2
420000_420624,湖北省_南漳,6
420000_420606,湖北省_樊城,21
420000_420625,湖北省_谷城,4
420000_420626,湖北省_保康,6
420000_420682,湖北省_老河,7
420000_420683,湖北省_枣阳,5
420000_420684,湖北省_宜城,6
420000_420502,湖北省_西陵,0
420000_420504,湖北省_点军,1
420000_420503,湖北省_伍家,0
420000_420505,湖北省_猇亭,0
420000_420506,湖北省_夷陵,8
420000_420526,湖北省_兴山,4
420000_420525,湖北省_远安,4
420000_420527,湖北省_秭归,4
420000_420528,湖北省_长阳,3
420000_420529,湖北省_五峰,6
420000_420581,湖北省_宜都,8
420000_420582,湖北省_当阳,10
420000_420583,湖北省_枝江,11
420000_420302,湖北省_茅箭,8
420000_420303,湖北省_张湾,5
420000_420304,湖北省_郧阳,1
420000_420322,湖北省_郧西,4
420000_420324,湖北省_竹溪,3
420000_420323,湖北省_竹山,5
420000_420325,湖北省_房县,5
420000_420381,湖北省_丹江,10
420000_420202,湖北省_黄石,57
420000_420203,湖北省_西塞,6
420000_420204,湖北省_下陆,9
420000_420205,湖北省_铁山,6
420000_420102,湖北省_江岸,48
420000_420222,湖北省_阳新,14
420000_420281,湖北省_大冶,17
420000_420103,湖北省_江汉,46
420000_420105,湖北省_汉阳,29
420000_420106,湖北省_武昌,82
420000_420107,湖北省_青山,26
420000_420111,湖北省_洪山,63
420000_420112,湖北省_东西,19
420000_420113,湖北省_汉南,5
420000_420114,湖北省_蔡甸,10
420000_420115,湖北省_江夏,14
420000_420116,湖北省_黄陂,26
420000_420117,湖北省_新洲,13
360000_361103,江西省_广丰,7
420000_420104,湖北省_硚口,38
360000_361102,江西省_信州,20
360000_361121,江西省_上饶,53
360000_361123,江西省_玉山,5
360000_361124,江西省_铅山,10
360000_361126,江西省_弋阳,5
360000_361125,江西省_横峰,5
360000_361127,江西省_余干,3
360000_361128,江西省_鄱阳,20
360000_361129,江西省_万年,5
360000_361181,江西省_德兴,10
360000_361130,江西省_婺源,6
350000_350921,福建省_霞浦,7
350000_350902,福建省_蕉城,10
350000_350922,福建省_古田,6
350000_350923,福建省_屏南,3
350000_350925,福建省_周宁,3
350000_350926,福建省_柘荣,3
350000_350981,福建省_福安,11
350000_350982,福建省_福鼎,12
350000_350802,福建省_新罗,17
350000_350821,福建省_长汀,5
350000_350803,福建省_永定,8
350000_350924,福建省_寿宁,4
350000_350824,福建省_武平,8
350000_350823,福建省_上杭,6
350000_350881,福建省_漳平,4
350000_350825,福建省_连城,6
340000_341203,安徽省_颍东,2
340000_341202,安徽省_颍州,8
340000_341204,安徽省_颍泉,3
340000_341221,安徽省_临泉,23
340000_341225,安徽省_阜南,9
340000_341222,安徽省_太和,8
340000_341226,安徽省_颍上,8
340000_341271,安徽省_阜阳,48
340000_341282,安徽省_界首,15
340000_341802,安徽省_宣州,7
340000_341821,安徽省_郎溪,7
340000_341822,安徽省_广德,8
340000_341823,安徽省_泾县,5
340000_341824,安徽省_绩溪,6
340000_341825,安徽省_旌德,3
340000_341871,安徽省_宣城,16
340000_341881,安徽省_宁国,18
330000_331102,浙江省_莲都,27
330000_331121,浙江省_青田,75
330000_331122,浙江省_缙云,107
330000_331124,浙江省_松阳,40
330000_331125,浙江省_云和,39
330000_331127,浙江省_景宁,25
330000_331126,浙江省_庆元,4
330000_331002,浙江省_椒江,23
330000_331003,浙江省_黄岩,129
330000_331181,浙江省_龙泉,50
330000_331123,浙江省_遂昌,64
330000_331004,浙江省_路桥,60
330000_331022,浙江省_三门,10
330000_331023,浙江省_天台,35
330000_331024,浙江省_仙居,113
330000_331081,浙江省_温岭,129
330000_331082,浙江省_临海,213
330000_330902,浙江省_定海,92
330000_331083,浙江省_玉环,87
330000_330903,浙江省_普陀,32
330000_330921,浙江省_岱山,28
330000_330922,浙江省_嵊泗,3
330000_330802,浙江省_柯城,49
330000_330822,浙江省_常山,13
330000_330803,浙江省_衢江,51
330000_330825,浙江省_龙游,46
330000_330824,浙江省_开化,61
330000_330881,浙江省_江山,56
330000_330702,浙江省_婺城,255
330000_330703,浙江省_金东,140
330000_330723,浙江省_武义,46
330000_330727,浙江省_磐安,30
330000_330782,浙江省_义乌,431
330000_330781,浙江省_兰溪,209
330000_330783,浙江省_东阳,21
330000_330784,浙江省_永康,246
330000_330602,浙江省_越城,59
330000_330726,浙江省_浦江,19
330000_330681,浙江省_诸暨,297
330000_330604,浙江省_上虞,163
330000_330603,浙江省_柯桥,23
330000_330624,浙江省_新昌,85
330000_330683,浙江省_嵊州,225
330000_330502,浙江省_吴兴,24
330000_330503,浙江省_南浔,131
330000_330521,浙江省_德清,205
330000_330522,浙江省_长兴,55
330000_330411,浙江省_秀洲,5
330000_330402,浙江省_南湖,98
330000_330523,浙江省_安吉,26
330000_330421,浙江省_嘉善,27
330000_330424,浙江省_海盐,14
330000_330481,浙江省_海宁,203
330000_330482,浙江省_平湖,63
330000_330483,浙江省_桐乡,72
330000_330302,浙江省_鹿城,223
330000_330303,浙江省_龙湾,165
330000_330304,浙江省_瓯海,159
330000_330305,浙江省_洞头,21
330000_330324,浙江省_永嘉,163
330000_330326,浙江省_平阳,78
330000_330327,浙江省_苍南,130
330000_330329,浙江省_泰顺,44
330000_330328,浙江省_文成,68
330000_330371,浙江省_温州,536
330000_330381,浙江省_瑞安,460
330000_330203,浙江省_海曙,58
330000_330382,浙江省_乐清,256
330000_330205,浙江省_江北,119
330000_330206,浙江省_北仑,80
330000_330212,浙江省_鄞州,213
330000_330211,浙江省_镇海,119
330000_330225,浙江省_象山,123
330000_330213,浙江省_奉化,117
330000_330226,浙江省_宁海,115
330000_330281,浙江省_余姚,169
330000_330282,浙江省_慈溪,195
330000_330102,浙江省_上城,41
330000_330103,浙江省_下城,83
330000_330104,浙江省_江干,100
330000_330105,浙江省_拱墅,100
330000_330106,浙江省_西湖,73
330000_330108,浙江省_滨江,107
330000_330109,浙江省_萧山,75
330000_330110,浙江省_余杭,164
330000_330111,浙江省_富阳,249
330000_330112,浙江省_临安,262
330000_330127,浙江省_淳安,64
340000_341702,安徽省_贵池,10
330000_330122,浙江省_桐庐,24
340000_341721,安徽省_东至,6
330000_330182,浙江省_建德,82
340000_341723,安徽省_青阳,13
340000_341602,安徽省_谯城,7
340000_341621,安徽省_涡阳,13
340000_341622,安徽省_蒙城,12
340000_341722,安徽省_石台,6
340000_341623,安徽省_利辛,12
340000_341502,安徽省_金安,2
340000_341503,安徽省_裕安,4
340000_341504,安徽省_叶集,0
340000_341523,安徽省_舒城,4
340000_341524,安徽省_金寨,8
340000_341522,安徽省_霍邱,8
340000_341525,安徽省_霍山,4
340000_341302,安徽省_埇桥,0
340000_341321,安徽省_砀山,14
340000_341322,安徽省_萧县,1
340000_341323,安徽省_灵璧,10
340000_341324,安徽省_泗县,14
340000_341371,安徽省_宿州,22
340000_341124,安徽省_全椒,9
340000_341103,安徽省_南谯,2
340000_341122,安徽省_来安,3
340000_341171,安徽省_苏滁,0
340000_341172,安徽省_滁州,27
340000_341126,安徽省_凤阳,15
340000_341125,安徽省_定远,9
340000_341181,安徽省_天长,10
340000_341102,安徽省_琅琊,5
340000_341182,安徽省_明光,8
340000_341002,安徽省_屯溪,20
340000_341003,安徽省_黄山,36
340000_341004,安徽省_徽州,7
340000_341021,安徽省_歙县,9
340000_341023,安徽省_黟县,3
340000_341022,安徽省_休宁,4
340000_341024,安徽省_祁门,5
340000_340802,安徽省_迎江,2
340000_340803,安徽省_大观,3
340000_340811,安徽省_宜秀,4
340000_340822,安徽省_怀宁,18
340000_340825,安徽省_太湖,7
340000_340705,安徽省_铜官,0
340000_340706,安徽省_义安,4
340000_340711,安徽省_郊区,3
340000_340722,安徽省_枞阳,16
340000_340826,安徽省_宿松,9
340000_340827,安徽省_望江,19
340000_340871,安徽省_安徽,154
340000_340881,安徽省_桐城,9
340000_340828,安徽省_岳西,13
340000_340882,安徽省_潜山,6
340000_340602,安徽省_杜集,11
340000_340603,安徽省_相山,11
340000_340503,安徽省_花山,10
340000_340504,安徽省_雨山,11
340000_340522,安徽省_含山,8
340000_340521,安徽省_当涂,16
340000_340506,安徽省_博望,0
340000_340604,安徽省_烈山,4
340000_340621,安徽省_濉溪,23
340000_340523,安徽省_和县,13
340000_340403,安徽省_田家,19
340000_340405,安徽省_八公,2
340000_340402,安徽省_大通,3
340000_340404,安徽省_谢家,11
340000_340406,安徽省_潘集,6
340000_340421,安徽省_凤台,4
340000_340302,安徽省_龙子,6
340000_340311,安徽省_淮上,4
340000_340303,安徽省_蚌山,6
340000_340304,安徽省_禹会,7
340000_340322,安徽省_五河,8
340000_340323,安徽省_固镇,13
340000_340371,安徽省_蚌埠,64
340000_340422,安徽省_寿县,10
340000_340102,安徽省_瑶海,14
340000_340103,安徽省_庐阳,10
340000_340121,安徽省_长丰,9
340000_340122,安徽省_肥东,38
340000_340111,安徽省_包河,13
340000_340171,安徽省_合肥,179
340000_340124,安徽省_庐江,11
340000_340123,安徽省_肥西,14
340000_340104,安徽省_蜀山,14
340000_340181,安徽省_巢湖,25
350000_350702,福建省_延平,14
340000_340321,安徽省_怀远,15
350000_350703,福建省_建阳,7
350000_350724,福建省_松溪,3
350000_350725,福建省_政和,4
350000_350722,福建省_浦城,9
350000_350781,福建省_邵武,8
350000_350723,福建省_光泽,3
350000_350782,福建省_武夷,5
350000_350783,福建省_建瓯,9
350000_350721,福建省_顺昌,4
350000_350623,福建省_漳浦,5
350000_350622,福建省_云霄,4
350000_350603,福建省_龙文,3
350000_350602,福建省_芗城,10
350000_350624,福建省_诏安,5
350000_350625,福建省_长泰,5
350000_350626,福建省_东山,9
350000_350627,福建省_南靖,6
350000_350628,福建省_平和,4
350000_350681,福建省_龙海,20
350000_350503,福建省_丰泽,37
350000_350629,福建省_华安,4
350000_350502,福建省_鲤城,29
350000_350524,福建省_安溪,32
350000_350505,福建省_泉港,6
350000_350525,福建省_永春,5
350000_350521,福建省_惠安,13
350000_350504,福建省_洛江,4
350000_350526,福建省_德化,5
350000_350581,福建省_石狮,13
350000_350582,福建省_晋江,55
350000_350583,福建省_南安,11
350000_350403,福建省_三元,11
350000_350402,福建省_梅列,8
350000_350421,福建省_明溪,5
350000_350423,福建省_清流,4
350000_350424,福建省_宁化,6
350000_350426,福建省_尤溪,0
350000_350427,福建省_沙县,6
350000_350425,福建省_大田,4
350000_350428,福建省_将乐,4
350000_350429,福建省_泰宁,3
350000_350430,福建省_建宁,5
340000_340202,安徽省_镜湖,14
350000_350481,福建省_永安,9
340000_340203,安徽省_弋江,8
340000_340208,安徽省_三山,0
340000_340221,安徽省_芜湖,60
340000_340223,安徽省_南陵,10
340000_340222,安徽省_繁昌,9
340000_340207,安徽省_鸠江,9
340000_340225,安徽省_无为,16
350000_350302,福建省_城厢,14
350000_350303,福建省_涵江,9
350000_350304,福建省_荔城,17
350000_350305,福建省_秀屿,7
350000_350322,福建省_仙游,9
350000_350205,福建省_海沧,9
350000_350203,福建省_思明,31
350000_350206,福建省_湖里,17
350000_350212,福建省_同安,22
350000_350211,福建省_集美,20
350000_350213,福建省_翔安,6
350000_350102,福建省_鼓楼,48
350000_350103,福建省_台江,30
350000_350104,福建省_仓山,33
350000_350105,福建省_马尾,8
350000_350111,福建省_晋安,30
350000_350121,福建省_闽侯,22
350000_350112,福建省_长乐,27
350000_350123,福建省_罗源,15
350000_350124,福建省_闽清,24
350000_350125,福建省_永泰,25
350000_350122,福建省_连江,35
350000_350128,福建省_平潭,9
350000_350181,福建省_福清,47
360000_361002,江西省_临川,12
360000_361003,江西省_东乡,8
360000_361023,江西省_南丰,6
360000_361025,江西省_乐安,4
360000_361026,江西省_宜黄,3
360000_361021,江西省_南城,3
360000_361022,江西省_黎川,7
360000_361024,江西省_崇仁,3
360000_361028,江西省_资溪,3
360000_361027,江西省_金溪,5
360000_361030,江西省_广昌,4
360000_360902,江西省_袁州,0
360000_360923,江西省_上高,0
360000_360921,江西省_奉新,4
360000_360922,江西省_万载,6
360000_360926,江西省_铜鼓,3
360000_360925,江西省_靖安,3
360000_360924,江西省_宜丰,6
360000_360982,江西省_樟树,8
360000_360983,江西省_高安,10
360000_360802,江西省_吉州,9
360000_360981,江西省_丰城,15
360000_360803,江西省_青原,1
360000_360821,江西省_吉安,28
360000_360823,江西省_峡江,7
360000_360824,江西省_新干,4
360000_360822,江西省_吉水,3
360000_360825,江西省_永丰,4
360000_360826,江西省_泰和,9
360000_360827,江西省_遂川,4
360000_360828,江西省_万安,4
360000_360830,江西省_永新,6
360000_360702,江西省_章贡,27
360000_360881,江西省_井冈,13
360000_360703,江西省_南康,17
360000_360722,江西省_信丰,7
360000_360829,江西省_安福,8
360000_360723,江西省_大余,7
360000_360724,江西省_上犹,10
360000_360704,江西省_赣县,5
360000_360726,江西省_安远,3
360000_360725,江西省_崇义,4
360000_360728,江西省_定南,2
360000_360729,江西省_全南,11
360000_360730,江西省_宁都,9
360000_360727,江西省_龙南,8
360000_360731,江西省_于都,6
360000_360732,江西省_兴国,8
360000_360733,江西省_会昌,2
360000_360602,江西省_月湖,1
360000_360603,江西省_余江,6
360000_360681,江西省_贵溪,9
360000_360735,江西省_石城,7
360000_360734,江西省_寻乌,3
360000_360781,江西省_瑞金,3
360000_360402,江西省_濂溪,4
360000_360403,江西省_浔阳,16
360000_360423,江西省_武宁,3
360000_360426,江西省_德安,3
360000_360404,江西省_柴桑,3
360000_360425,江西省_永修,9
360000_360424,江西省_修水,5
360000_360429,江西省_湖口,4
360000_360428,江西省_都昌,8
360000_360502,江西省_渝水,7
360000_360521,江西省_分宜,4
360000_360430,江西省_彭泽,6
360000_360481,江西省_瑞昌,9
360000_360482,江西省_共青,4
360000_360483,江西省_庐山,10
360000_360302,江西省_安源,10
360000_360313,江西省_湘东,4
360000_360321,江西省_莲花,4
360000_360323,江西省_芦溪,3
360000_360322,江西省_上栗,5
360000_360202,江西省_昌江,2
360000_360222,江西省_浮梁,7
360000_360203,江西省_珠山,6
360000_360281,江西省_乐平,12
360000_360102,江西省_东湖,19
360000_360103,江西省_西湖,22
360000_360104,江西省_青云,17
360000_360105,江西省_湾里,0
360000_360111,江西省_青山,15
360000_360112,江西省_新建,20
360000_360121,江西省_南昌,168
360000_360123,江西省_安义,4
360000_360124,江西省_进贤,11
320000_321302,江苏省_宿城,3
320000_321311,江苏省_宿豫,1
320000_321322,江苏省_沭阳,25
320000_321323,江苏省_泗阳,19
320000_321324,江苏省_泗洪,18
320000_321202,江苏省_海陵,16
320000_321371,江苏省_宿迁,16
320000_321203,江苏省_高港,4
320000_321204,江苏省_姜堰,34
320000_321271,江苏省_泰州,51
320000_321281,江苏省_兴化,12
320000_321282,江苏省_靖江,36
320000_321283,江苏省_泰兴,15
320000_321102,江苏省_京口,1
320000_321111,江苏省_润州,2
320000_321112,江苏省_丹徒,3
320000_321171,江苏省_镇江,35
320000_321181,江苏省_丹阳,6
320000_321182,江苏省_扬中,4
320000_321183,江苏省_句容,10
320000_321002,江苏省_广陵,5
320000_321023,江苏省_宝应,20
320000_321003,江苏省_邗江,4
320000_321071,江苏省_扬州,49
320000_321081,江苏省_仪征,9
320000_321084,江苏省_高邮,10
320000_321012,江苏省_江都,13
320000_320903,江苏省_盐都,2
320000_320904,江苏省_大丰,21
320000_320902,江苏省_亭湖,3
320000_320921,江苏省_响水,9
320000_320922,江苏省_滨海,15
320000_320923,江苏省_阜宁,12
320000_320924,江苏省_射阳,18
320000_320925,江苏省_建湖,8
320000_320971,江苏省_盐城,36
320000_320803,江苏省_淮安,118
320000_320981,江苏省_东台,16
320000_320804,江苏省_淮阴,30
320000_320812,江苏省_清江,5
320000_320813,江苏省_洪泽,20
320000_320830,江苏省_盱眙,23
320000_320826,江苏省_涟水,42
320000_320831,江苏省_金湖,19
320000_320706,江苏省_海州,31
320000_320703,江苏省_连云,65
320000_320707,江苏省_赣榆,6
320000_320722,江苏省_东海,5
320000_320723,江苏省_灌云,16
320000_320724,江苏省_灌南,14
320000_320602,江苏省_崇川,19
320000_320612,江苏省_通州,15
320000_320611,江苏省_港闸,7
320000_320671,江苏省_南通,112
320000_320623,江苏省_如东,54
320000_320681,江苏省_启东,24
320000_320682,江苏省_如皋,62
320000_320684,江苏省_海门,22
320000_320505,江苏省_虎丘,4
320000_320506,江苏省_吴中,75
320000_320685,江苏省_海安,23
320000_320507,江苏省_相城,29
320000_320508,江苏省_姑苏,4
320000_320509,江苏省_吴江,36
320000_320571,江苏省_苏州,219
320000_320582,江苏省_张家,21
320000_320581,江苏省_常熟,66
320000_320583,江苏省_昆山,86
320000_320585,江苏省_太仓,38
320000_320402,江苏省_天宁,16
320000_320404,江苏省_钟楼,9
320000_320411,江苏省_新北,13
320000_320412,江苏省_武进,20
320000_320413,江苏省_金坛,18
320000_320302,江苏省_鼓楼,59
320000_320303,江苏省_云龙,3
320000_320305,江苏省_贾汪,25
320000_320312,江苏省_铜山,9
320000_320481,江苏省_溧阳,20
320000_320321,江苏省_丰县,16
320000_320322,江苏省_沛县,11
320000_320371,江苏省_徐州,85
320000_320324,江苏省_睢宁,12
320000_320381,江苏省_新沂,11
320000_320311,江苏省_泉山,1
320000_320382,江苏省_邳州,23
320000_320205,江苏省_锡山,10
320000_320211,江苏省_滨湖,24
320000_320206,江苏省_惠山,11
320000_320213,江苏省_梁溪,32
320000_320281,江苏省_江阴,60
320000_320214,江苏省_新吴,4
320000_320282,江苏省_宜兴,41
320000_320102,江苏省_玄武,24
320000_320104,江苏省_秦淮,45
320000_320105,江苏省_建邺,45
320000_320111,江苏省_浦口,13
320000_320114,江苏省_雨花,20
320000_320113,江苏省_栖霞,18
320000_320115,江苏省_江宁,31
320000_320116,江苏省_六合,10
320000_320117,江苏省_溧水,5
320000_320118,江苏省_高淳,11
310000_310101,上海市_黄浦,30
310000_310105,上海市_长宁,58
310000_310104,上海市_徐汇,33
310000_310106,上海市_静安,51
310000_310107,上海市_普陀,20
310000_310109,上海市_虹口,36
310000_310110,上海市_杨浦,36
310000_310113,上海市_宝山,35
310000_310114,上海市_嘉定,41
310000_310112,上海市_闵行,55
310000_310115,上海市_浦东,77
310000_310116,上海市_金山,13
310000_310118,上海市_青浦,29
310000_310117,上海市_松江,21
310000_310151,上海市_崇明,12
140000_141102,山西省_离石,25
310000_310120,上海市_奉贤,14
140000_141121,山西省_文水,5
140000_141122,山西省_交城,5
140000_141123,山西省_兴县,3
140000_141126,山西省_石楼,3
140000_141124,山西省_临县,10
140000_141125,山西省_柳林,7
140000_141127,山西省_岚县,9
140000_141128,山西省_方山,3
140000_141129,山西省_中阳,4
140000_141130,山西省_交口,8
140000_141181,山西省_孝义,18
140000_141182,山西省_汾阳,17
130000_131102,河北省_桃城,10
130000_131121,河北省_枣强,3
130000_131122,河北省_武邑,7
130000_131103,河北省_冀州,5
130000_131123,河北省_武强,5
130000_131124,河北省_饶阳,5
130000_131126,河北省_故城,10
130000_131125,河北省_安平,10
130000_131127,河北省_景县,7
130000_131128,河北省_阜城,3
130000_131171,河北省_河北,267
130000_131172,河北省_衡水,43
130000_131182,河北省_深州,7
120000_120101,天津市_和平,41
120000_120102,天津市_河东,61
120000_120104,天津市_南开,68
120000_120103,天津市_河西,69
120000_120105,天津市_河北,47
120000_120106,天津市_红桥,34
120000_120112,天津市_津南,33
120000_120111,天津市_西青,38
120000_120110,天津市_东丽,17
120000_120113,天津市_北辰,21
120000_120114,天津市_武清,24
120000_120116,天津市_滨海,51
120000_120115,天津市_宝坻,26
120000_120117,天津市_宁河,8
120000_120118,天津市_静海,21
120000_120119,天津市_蓟州,22
130000_131022,河北省_固安,8
130000_131002,河北省_安次,10
130000_131023,河北省_永清,17
130000_131024,河北省_香河,13
130000_131025,河北省_大城,8
130000_131003,河北省_广阳,18
130000_131026,河北省_文安,28
130000_131028,河北省_大厂,4
130000_131071,河北省_廊坊,90
130000_130902,河北省_新华,97
130000_131082,河北省_三河,32
130000_131081,河北省_霸州,26
130000_130921,河北省_沧县,10
130000_130903,河北省_运河,12
130000_130922,河北省_青县,9
130000_130923,河北省_东光,6
130000_130924,河北省_海兴,4
130000_130926,河北省_肃宁,11
130000_130925,河北省_盐山,6
130000_130927,河北省_南皮,11
130000_130929,河北省_献县,4
130000_130930,河北省_孟村,6
130000_130928,河北省_吴桥,3
130000_130972,河北省_沧州,64
130000_130982,河北省_任丘,35
130000_130981,河北省_泊头,13
130000_130983,河北省_黄骅,15
130000_130984,河北省_河间,10
130000_130703,河北省_桥西,62
130000_130702,河北省_桥东,18
130000_130705,河北省_宣化,10
130000_130706,河北省_下花,4
130000_130708,河北省_万全,3
130000_130709,河北省_崇礼,3
130000_130724,河北省_沽源,3
130000_130723,河北省_康保,4
130000_130727,河北省_阳原,5
130000_130726,河北省_蔚县,12
130000_130725,河北省_尚义,6
130000_130728,河北省_怀安,4
130000_130722,河北省_张北,5
130000_130731,河北省_涿鹿,7
130000_130732,河北省_赤城,5
130000_130771,河北省_张家,53
130000_130602,河北省_竞秀,15
130000_130730,河北省_怀来,5
130000_130606,河北省_莲池,38
130000_130607,河北省_满城,11
130000_130608,河北省_清苑,12
130000_130609,河北省_徐水,1
130000_130623,河北省_涞水,15
130000_130624,河北省_阜平,3
130000_130626,河北省_定兴,12
130000_130627,河北省_唐县,11
130000_130628,河北省_高阳,10
130000_130629,河北省_容城,6
130000_130630,河北省_涞源,4
130000_130631,河北省_望都,6
130000_130632,河北省_安新,6
130000_130633,河北省_易县,17
130000_130634,河北省_曲阳,9
130000_130635,河北省_蠡县,6
130000_130636,河北省_顺平,6
130000_130637,河北省_博野,5
130000_130671,河北省_保定,120
130000_130638,河北省_雄县,3
130000_130681,河北省_涿州,12
130000_130682,河北省_定州,30
130000_130683,河北省_安国,7
130000_130684,河北省_高碑,21
130000_130521,河北省_邢台,71
130000_130522,河北省_临城,3
130000_130523,河北省_内丘,1
130000_130525,河北省_隆尧,8
130000_130526,河北省_任县,7
130000_130524,河北省_柏乡,3
130000_130527,河北省_南和,3
130000_130530,河北省_新河,3
130000_130528,河北省_宁晋,9
130000_130531,河北省_广宗,8
130000_130532,河北省_平乡,12
130000_130529,河北省_巨鹿,5
130000_130533,河北省_威县,10
130000_130534,河北省_清河,10
130000_130535,河北省_临西,4
130000_130582,河北省_沙河,21
130000_130581,河北省_南宫,7
130000_130402,河北省_邯山,18
130000_130403,河北省_丛台,14
130000_130404,河北省_复兴,16
130000_130406,河北省_峰峰,18
130000_130407,河北省_肥乡,8
130000_130408,河北省_永年,5
130000_130423,河北省_临漳,9
130000_130424,河北省_成安,4
130000_130425,河北省_大名,15
130000_130426,河北省_涉县,6
130000_130427,河北省_磁县,7
130000_130430,河北省_邱县,3
130000_130431,河北省_鸡泽,3
130000_130432,河北省_广平,5
130000_130433,河北省_馆陶,8
130000_130434,河北省_魏县,13
130000_130435,河北省_曲周,5
130000_130471,河北省_邯郸,128
130000_130481,河北省_武安,18
130000_130802,河北省_双桥,22
130000_130803,河北省_双滦,3
130000_130821,河北省_承德,49
130000_130804,河北省_鹰手,1
130000_130822,河北省_兴隆,4
130000_130824,河北省_滦平,3
130000_130825,河北省_隆化,8
130000_130826,河北省_丰宁,4
130000_130881,河北省_平泉,11
130000_130827,河北省_宽城,3
130000_130828,河北省_围场,6
130000_130302,河北省_海港,34
130000_130303,河北省_山海,6
130000_130304,河北省_北戴,7
130000_130306,河北省_抚宁,5
130000_130321,河北省_青龙,10
130000_130324,河北省_卢龙,10
130000_130371,河北省_秦皇,78
130000_130202,河北省_路南,64
130000_130203,河北省_路北,79
130000_130204,河北省_古冶,12
130000_130322,河北省_昌黎,7
130000_130205,河北省_开平,8
130000_130207,河北省_丰南,6
130000_130208,河北省_丰润,14
130000_130209,河北省_曹妃,15
130000_130225,河北省_乐亭,8
130000_130229,河北省_玉田,9
130000_130224,河北省_滦南,13
130000_130271,河北省_唐山,179
130000_130281,河北省_遵化,8
130000_130283,河北省_迁安,14
130000_130284,河北省_滦州,9
130000_130102,河北省_长安,34
130000_130227,河北省_迁西,4
130000_130108,河北省_裕华,60
130000_130109,河北省_藁城,10
130000_130107,河北省_井陉,10
130000_130110,河北省_鹿泉,34
130000_130111,河北省_栾城,12
130000_130123,河北省_正定,15
130000_130125,河北省_行唐,3
130000_130126,河北省_灵寿,7
130000_130128,河北省_深泽,6
130000_130127,河北省_高邑,3
130000_130130,河北省_无极,10
130000_130129,河北省_赞皇,4
130000_130131,河北省_平山,12
130000_130132,河北省_元氏,0
130000_130171,河北省_石家,280
130000_130133,河北省_赵县,6
130000_130181,河北省_辛集,16
130000_130183,河北省_晋州,7
130000_130184,河北省_新乐,9
140000_141002,山西省_尧都,55
140000_141021,山西省_曲沃,7
140000_141023,山西省_襄汾,18
140000_141024,山西省_洪洞,23
140000_141025,山西省_古县,4
140000_141026,山西省_安泽,4
140000_141027,山西省_浮山,4
140000_141022,山西省_翼城,4
140000_141030,山西省_大宁,3
140000_141028,山西省_吉县,3
140000_141033,山西省_蒲县,4
140000_141031,山西省_隰县,4
140000_141032,山西省_永和,4
140000_141034,山西省_汾西,4
140000_141029,山西省_乡宁,11
140000_141081,山西省_侯马,30
140000_140902,山西省_忻府,12
140000_141082,山西省_霍州,15
140000_140922,山西省_五台,8
140000_140921,山西省_定襄,3
140000_140923,山西省_代县,5
140000_140924,山西省_繁峙,7
140000_140925,山西省_宁武,6
140000_140926,山西省_静乐,3
140000_140927,山西省_神池,4
140000_140929,山西省_岢岚,4
140000_140928,山西省_五寨,3
140000_140931,山西省_保德,5
140000_140932,山西省_偏关,3
140000_140930,山西省_河曲,7
140000_140981,山西省_原平,8
140000_140802,山西省_盐湖,4
140000_140822,山西省_万荣,10
140000_140821,山西省_临猗,14
140000_140824,山西省_稷山,14
140000_140823,山西省_闻喜,15
140000_140825,山西省_新绛,4
140000_140826,山西省_绛县,7
140000_140827,山西省_垣曲,7
140000_140828,山西省_夏县,25
140000_140829,山西省_平陆,13
140000_140830,山西省_芮城,8
140000_140881,山西省_永济,7
140000_140882,山西省_河津,18
140000_140702,山西省_榆次,29
140000_140721,山西省_榆社,4
140000_140722,山西省_左权,5
140000_140723,山西省_和顺,5
140000_140724,山西省_昔阳,4
140000_140725,山西省_寿阳,5
140000_140726,山西省_太谷,10
140000_140727,山西省_祁县,7
140000_140728,山西省_平遥,15
140000_140729,山西省_灵石,9
140000_140781,山西省_介休,20
140000_140602,山西省_朔城,31
140000_140603,山西省_平鲁,4
140000_140621,山西省_山阴,12
140000_140671,山西省_山西,182
140000_140622,山西省_应县,4
140000_140623,山西省_右玉,3
140000_140681,山西省_怀仁,18
140000_140502,山西省_城区,109
140000_140521,山西省_沁水,9
140000_140522,山西省_阳城,9
140000_140524,山西省_陵川,6
140000_140525,山西省_泽州,15
140000_140581,山西省_高平,14
140000_140403,山西省_潞州,1
140000_140404,山西省_上党,0
140000_140405,山西省_屯留,3
140000_140406,山西省_潞城,6
140000_140423,山西省_襄垣,12
140000_140425,山西省_平顺,5
140000_140426,山西省_黎城,2
140000_140427,山西省_壶关,5
140000_140428,山西省_长子,4
140000_140430,山西省_沁县,3
140000_140431,山西省_沁源,4
140000_140429,山西省_武乡,5
140000_140311,山西省_郊区,14
140000_140321,山西省_平定,7
140000_140322,山西省_盂县,4
140000_140303,山西省_矿区,21
140000_140212,山西省_新荣,1
140000_140213,山西省_平城,8
140000_140214,山西省_云冈,0
140000_140222,山西省_天镇,8
140000_140215,山西省_云州,1
140000_140223,山西省_广灵,6
140000_140221,山西省_阳高,2
140000_140224,山西省_灵丘,7
140000_140226,山西省_左云,5
140000_140225,山西省_浑源,5
450000_450202,广西壮族自治区_城中,17
450000_450203,广西壮族自治区_鱼峰,8
450000_450206,广西壮族自治区_柳江,15
450000_450204,广西壮族自治区_柳南,9
450000_450222,广西壮族自治区_柳城,18
450000_450223,广西壮族自治区_鹿寨,13
450000_450205,广西壮族自治区_柳北,3
450000_450224,广西壮族自治区_融安,14
450000_450225,广西壮族自治区_融水,19
110000_110101,北京市_东城,81
450000_450226,广西壮族自治区_三江,18
110000_110102,北京市_西城,83
110000_110106,北京市_丰台,126
110000_110105,北京市_朝阳,297
110000_110107,北京市_石景,32
110000_110108,北京市_海淀,212
110000_110109,北京市_门头,29
110000_110111,北京市_房山,63
110000_110112,北京市_通州,44
110000_110113,北京市_顺义,52
110000_110114,北京市_昌平,89
110000_110115,北京市_大兴,71
110000_110116,北京市_怀柔,32
110000_110118,北京市_密云,31
110000_110119,北京市_延庆,24
110000_110117,北京市_平谷,26
140000_140106,山西省_迎泽,54
140000_140105,山西省_小店,48
140000_140107,山西省_杏花,39
140000_140109,山西省_万柏,43
140000_140108,山西省_尖草,16
140000_140110,山西省_晋源,10
140000_140121,山西省_清徐,8
140000_140122,山西省_阳曲,4
140000_140123,山西省_娄烦,4
140000_140181,山西省_古交,7
